S? th? t?,???ng d?n,Tên ?nh,Nhãn Bàn Tay,Nhãn Ngón Tay Cái,Cluster
No. 2501,train1,4157.png,L,P,2
No. 2502,train1,4159.png,L,P,2
No. 2503,train1,4160.png,L,P,2
No. 2504,train1,4161.png,L,P,2
No. 2505,train1,4162.png,L,P,2
No. 2506,train1,4163.png,L,P,2
No. 2507,train1,4164.png,L,P,2
No. 2508,train1,4165.png,L,P,2
No. 2509,train1,4166.png,L,P,2
No. 2510,train1,4167.png,L,P,2
No. 2511,train1,4168.png,L,P,2
No. 2512,train1,4170.png,L,P,2
No. 2513,train1,4172.png,L,P,2
No. 2514,train1,4173.png,L,P,2
No. 2515,train1,4174.png,L,P,2
No. 2516,train1,4175.png,L,P,2
No. 2517,train1,4176.png,L,P,2
No. 2518,train1,4177.png,L,P,2
No. 2519,train1,4179.png,L,P,2
No. 2520,train1,4180.png,L,P,2
No. 2521,train1,4181.png,L,P,2
No. 2522,train1,4182.png,L,P,2
No. 2523,train1,4183.png,L,P,2
No. 2524,train1,4184.png,L,P,2
No. 2525,train1,4185.png,L,P,2
No. 2526,train1,4186.png,L,P,2
No. 2527,train1,4187.png,L,P,2
No. 2528,train1,4188.png,L,P,2
No. 2529,train1,4189.png,L,P,2
No. 2530,train1,4190.png,L,P,2
No. 2531,train1,4191.png,L,P,2
No. 2532,train1,4192.png,L,P,2
No. 2533,train1,4193.png,L,P,2
No. 2534,train1,4194.png,L,P,2
No. 2535,train1,4195.png,L,P,2
No. 2536,train1,4196.png,L,P,2
No. 2537,train1,4197.png,L,P,2
No. 2538,train1,4198.png,L,P,2
No. 2539,train1,4199.png,L,P,2
No. 2540,train1,4200.png,L,P,2
No. 2541,train1,4201.png,L,P,2
No. 2542,train1,4202.png,L,P,2
No. 2543,train1,4203.png,L,P,2
No. 2544,train1,4204.png,L,P,2
No. 2545,train1,4205.png,L,P,2
No. 2546,train1,4206.png,L,P,2
No. 2547,train1,4207.png,L,P,2
No. 2548,train1,4208.png,L,P,2
No. 2549,train1,4209.png,L,P,2
No. 2550,train1,4210.png,L,P,2
No. 2551,train1,4211.png,L,P,2
No. 2552,train1,4212.png,L,P,2
No. 2553,train1,4213.png,L,P,2
No. 2554,train1,4214.png,L,P,2
No. 2555,train1,4215.png,L,P,2
No. 2556,train1,4216.png,L,P,2
No. 2557,train1,4217.png,L,P,2
No. 2558,train1,4218.png,L,P,2
No. 2559,train1,4219.png,L,P,2
No. 2560,train1,4220.png,L,P,2
No. 2561,train1,4221.png,L,P,2
No. 2562,train1,4222.png,L,P,2
No. 2563,train1,4223.png,L,P,2
No. 2564,train1,4224.png,L,P,2
No. 2565,train1,4225.png,L,P,2
No. 2566,train1,4227.png,L,P,2
No. 2567,train1,4228.png,L,P,2
No. 2568,train1,4229.png,L,P,2
No. 2569,train1,4230.png,L,P,2
No. 2570,train1,4231.png,L,P,2
No. 2571,train1,4232.png,L,P,2
No. 2572,train1,4233.png,L,P,2
No. 2573,train1,4234.png,L,P,2
No. 2574,train1,4235.png,L,P,2
No. 2575,train1,4236.png,L,P,2
No. 2576,train1,4237.png,L,P,2
No. 2577,train1,4238.png,L,P,2
No. 2578,train1,4239.png,L,P,2
No. 2579,train1,4240.png,L,P,2
No. 2580,train1,4241.png,L,P,2
No. 2581,train1,4243.png,L,P,2
No. 2582,train1,4244.png,L,P,2
No. 2583,train1,4245.png,L,P,2
No. 2584,train1,4246.png,L,P,2
No. 2585,train1,4247.png,L,P,2
No. 2586,train1,4248.png,L,P,2
No. 2587,train1,4249.png,L,P,2
No. 2588,train1,4250.png,L,P,2
No. 2589,train1,4252.png,L,P,2
No. 2590,train1,4253.png,L,P,2
No. 2591,train1,4254.png,L,P,2
No. 2592,train1,4255.png,L,P,2
No. 2593,train1,4256.png,L,P,2
No. 2594,train1,4257.png,L,P,2
No. 2595,train1,4258.png,L,P,2
No. 2596,train1,4259.png,L,P,2
No. 2597,train1,4260.png,L,P,2
No. 2598,train1,4262.png,L,P,2
No. 2599,train1,4263.png,L,P,2
No. 2600,train1,4264.png,L,P,2
No. 2601,train1,4265.png,L,P,2
No. 2602,train1,4266.png,L,P,2
No. 2603,train1,4268.png,L,P,2
No. 2604,train1,4269.png,L,P,2
No. 2605,train1,4270.png,L,P,2
No. 2606,train1,4271.png,L,P,2
No. 2607,train1,4272.png,L,P,2
No. 2608,train1,4273.png,L,P,2
No. 2609,train1,4275.png,L,P,2
No. 2610,train1,4276.png,L,P,2
No. 2611,train1,4277.png,L,P,2
No. 2612,train1,4278.png,L,P,2
No. 2613,train1,4279.png,L,P,2
No. 2614,train1,4280.png,L,P,2
No. 2615,train1,4281.png,L,P,2
No. 2616,train1,4282.png,L,P,2
No. 2617,train1,4284.png,L,P,2
No. 2618,train1,4285.png,L,P,2
No. 2619,train1,4286.png,L,P,2
No. 2620,train1,4287.png,L,P,2
No. 2621,train1,4288.png,L,P,2
No. 2622,train1,4289.png,L,P,2
No. 2623,train1,4290.png,L,P,2
No. 2624,train1,4291.png,L,P,2
No. 2625,train1,4293.png,L,P,2
No. 2626,train1,4294.png,L,P,2
No. 2627,train1,4295.png,L,P,2
No. 2628,train1,4296.png,L,P,2
No. 2629,train1,4297.png,L,P,2
No. 2630,train1,4298.png,L,P,2
No. 2631,train1,4299.png,L,P,2
No. 2632,train1,4300.png,L,P,2
No. 2633,train1,4301.png,L,P,2
No. 2634,train1,4302.png,L,P,2
No. 2635,train1,4303.png,L,P,2
No. 2636,train1,4304.png,L,P,2
No. 2637,train1,4305.png,L,P,2
No. 2638,train1,4306.png,L,P,2
No. 2639,train1,4307.png,L,P,2
No. 2640,train1,4308.png,L,P,2
No. 2641,train1,4309.png,L,P,2
No. 2642,train1,4310.png,L,P,2
No. 2643,train1,4311.png,L,P,2
No. 2644,train1,4312.png,L,P,2
No. 2645,train1,4313.png,L,P,2
No. 2646,train1,4314.png,L,P,2
No. 2647,train1,4315.png,L,P,2
No. 2648,train1,4316.png,L,P,2
No. 2649,train1,4318.png,L,P,2
No. 2650,train1,4319.png,L,P,2
No. 2651,train1,4320.png,L,P,2
No. 2652,train1,4321.png,L,P,2
No. 2653,train1,4322.png,L,P,2
No. 2654,train1,4323.png,L,P,2
No. 2655,train1,4324.png,L,P,2
No. 2656,train1,4325.png,L,P,2
No. 2657,train1,4326.png,L,P,2
No. 2658,train1,4327.png,L,P,2
No. 2659,train1,4328.png,L,P,2
No. 2660,train1,4329.png,L,P,2
No. 2661,train1,4330.png,L,P,2
No. 2662,train1,4331.png,L,P,2
No. 2663,train1,4332.png,L,P,2
No. 2664,train1,4333.png,L,P,2
No. 2665,train1,4334.png,L,P,2
No. 2666,train1,4337.png,L,P,2
No. 2667,train1,4339.png,L,P,2
No. 2668,train1,4340.png,L,P,2
No. 2669,train1,4341.png,L,P,2
No. 2670,train1,4342.png,L,P,2
No. 2671,train1,4343.png,L,P,2
No. 2672,train1,4344.png,L,P,2
No. 2673,train1,4345.png,L,P,2
No. 2674,train1,4346.png,L,P,2
No. 2675,train1,4347.png,L,P,2
No. 2676,train1,4350.png,L,P,2
No. 2677,train1,4351.png,L,P,2
No. 2678,train1,4352.png,L,P,2
No. 2679,train1,4353.png,L,P,2
No. 2680,train1,4354.png,L,P,2
No. 2681,train1,4355.png,L,P,2
No. 2682,train1,4356.png,L,P,2
No. 2683,train1,4357.png,L,P,2
No. 2684,train1,4358.png,L,P,2
No. 2685,train1,4359.png,L,P,2
No. 2686,train1,4560.png,L,P,2
No. 2687,train1,4561.png,L,P,2
No. 2688,train1,4562.png,L,P,2
No. 2689,train1,4563.png,L,P,2
No. 2690,train1,4564.png,L,P,2
No. 2691,train1,4566.png,L,P,2
No. 2692,train1,4567.png,L,P,2
No. 2693,train1,4568.png,L,P,2
No. 2694,train1,4569.png,L,P,2
No. 2695,train1,4570.png,L,P,2
No. 2696,train1,4571.png,L,P,2
No. 2697,train1,4573.png,L,P,2
No. 2698,train1,4574.png,L,P,2
No. 2699,train1,4575.png,L,P,2
No. 2700,train1,4576.png,L,P,2
No. 2701,train1,4577.png,L,P,2
No. 2702,train1,4578.png,L,P,2
No. 2703,train1,4579.png,L,P,2
No. 2704,train1,4580.png,L,P,2
No. 2705,train1,4582.png,L,P,2
No. 2706,train1,4583.png,L,P,2
No. 2707,train1,4585.png,L,P,2
No. 2708,train1,4586.png,L,P,2
No. 2709,train1,4587.png,L,P,2
No. 2710,train1,4588.png,L,P,2
No. 2711,train1,4589.png,L,P,2
No. 2712,train1,4590.png,L,P,2
No. 2713,train1,4591.png,L,P,2
No. 2714,train1,4592.png,L,P,2
No. 2715,train1,4593.png,L,P,2
No. 2716,train1,4595.png,L,P,2
No. 2717,train1,4596.png,L,P,2
No. 2718,train1,4597.png,L,P,2
No. 2719,train1,4598.png,L,P,2
No. 2720,train1,4599.png,L,P,2
No. 2721,train1,4600.png,L,P,2
No. 2722,train1,4601.png,L,P,2
No. 2723,train1,4602.png,L,P,2
No. 2724,train1,4603.png,L,P,2
No. 2725,train1,4604.png,L,P,2
No. 2726,train1,4605.png,L,P,2
No. 2727,train1,4606.png,L,P,2
No. 2728,train1,4607.png,L,P,2
No. 2729,train1,4608.png,L,P,2
No. 2730,train1,4609.png,L,P,2
No. 2731,train1,4610.png,L,P,2
No. 2732,train1,4611.png,L,P,2
No. 2733,train1,4612.png,L,P,2
No. 2734,train1,4613.png,L,P,2
No. 2735,train1,4614.png,L,P,2
No. 2736,train1,4615.png,L,P,2
No. 2737,train1,4616.png,L,P,2
No. 2738,train1,4617.png,L,P,2
No. 2739,train1,4618.png,L,P,2
No. 2740,train1,4619.png,L,P,2
No. 2741,train1,4620.png,L,P,2
No. 2742,train1,4621.png,L,P,2
No. 2743,train1,4622.png,L,P,2
No. 2744,train1,4623.png,L,P,2
No. 2745,train1,4624.png,L,P,2
No. 2746,train1,4625.png,L,P,2
No. 2747,train1,4626.png,L,P,2
No. 2748,train1,4627.png,L,P,2
No. 2749,train1,4628.png,L,P,2
No. 2750,train1,4629.png,L,P,2
No. 2751,train1,4630.png,L,P,2
No. 2752,train1,4631.png,L,P,2
No. 2753,train1,4632.png,L,P,2
No. 2754,train1,4633.png,L,P,2
No. 2755,train1,4634.png,L,P,2
No. 2756,train1,4635.png,L,P,2
No. 2757,train1,4636.png,L,P,2
No. 2758,train1,4637.png,L,P,2
No. 2759,train1,4638.png,L,P,2
No. 2760,train1,4639.png,L,P,2
No. 2761,train1,4640.png,L,P,2
No. 2762,train1,4641.png,L,P,2
No. 2763,train1,4642.png,L,P,2
No. 2764,train1,4643.png,L,P,2
No. 2765,train1,4644.png,L,P,2
No. 2766,train1,4645.png,L,P,2
No. 2767,train1,4646.png,L,P,2
No. 2768,train1,4647.png,L,P,2
No. 2769,train1,4648.png,L,P,2
No. 2770,train1,4649.png,L,P,2
No. 2771,train1,4650.png,L,P,2
No. 2772,train1,4651.png,L,P,2
No. 2773,train1,4652.png,L,P,2
No. 2774,train1,4653.png,L,P,2
No. 2775,train1,4654.png,L,P,2
No. 2776,train1,4656.png,L,P,2
No. 2777,train1,4657.png,L,P,2
No. 2778,train1,4659.png,L,P,2
No. 2779,train1,4660.png,L,P,2
No. 2780,train1,4661.png,L,P,2
No. 2781,train1,4662.png,L,P,2
No. 2782,train1,4663.png,L,P,2
No. 2783,train1,4664.png,L,P,2
No. 2784,train1,4665.png,L,P,2
No. 2785,train1,4666.png,L,P,2
No. 2786,train1,4667.png,L,P,2
No. 2787,train1,4668.png,L,P,2
No. 2788,train1,4669.png,L,P,2
No. 2789,train1,4670.png,L,P,2
No. 2790,train1,4671.png,L,P,2
No. 2791,train1,4672.png,L,P,2
No. 2792,train1,4673.png,L,P,2
No. 2793,train1,4674.png,L,P,2
No. 2794,train1,4675.png,L,P,2
No. 2795,train1,4676.png,L,P,2
No. 2796,train1,4677.png,L,P,2
No. 2797,train1,4678.png,L,P,2
No. 2798,train1,4679.png,L,P,2
No. 2799,train1,4680.png,L,P,2
No. 2800,train1,4681.png,L,P,2
No. 2801,train1,4682.png,L,P,2
No. 2802,train1,4683.png,L,P,2
No. 2803,train1,4685.png,L,P,2
No. 2804,train1,4686.png,L,P,2
No. 2805,train1,4687.png,L,P,2
No. 2806,train1,4688.png,L,P,2
No. 2807,train1,4689.png,L,P,2
No. 2808,train1,4690.png,L,P,2
No. 2809,train1,4691.png,L,P,2
No. 2810,train1,4692.png,L,P,2
No. 2811,train1,4693.png,L,P,2
No. 2812,train1,4694.png,L,P,2
No. 2813,train1,4695.png,L,P,2
No. 2814,train1,4696.png,L,P,2
No. 2815,train1,4697.png,L,P,2
No. 2816,train1,4698.png,L,P,2
No. 2817,train1,4699.png,L,P,2
No. 2818,train1,4700.png,L,P,2
No. 2819,train1,4701.png,L,P,2
No. 2820,train1,4702.png,L,P,2
No. 2821,train1,4703.png,L,P,2
No. 2822,train1,4704.png,L,P,2
No. 2823,train1,4705.png,L,P,2
No. 2824,train1,4706.png,L,P,2
No. 2825,train1,4707.png,L,P,2
No. 2826,train1,4709.png,L,P,2
No. 2827,train1,4710.png,L,P,2
No. 2828,train1,4711.png,L,P,2
No. 2829,train1,4712.png,L,P,2
No. 2830,train1,4713.png,L,P,2
No. 2831,train1,4714.png,L,P,2
No. 2832,train1,4715.png,L,P,2
No. 2833,train1,4716.png,L,P,2
No. 2834,train1,4717.png,L,P,2
No. 2835,train1,4718.png,L,P,2
No. 2836,train1,4719.png,L,P,2
No. 2837,train1,4720.png,L,P,2
No. 2838,train1,4721.png,L,P,2
No. 2839,train1,4722.png,L,P,2
No. 2840,train1,4723.png,L,P,2
No. 2841,train1,4724.png,L,P,2
No. 2842,train1,4725.png,L,P,2
No. 2843,train1,4727.png,L,P,2
No. 2844,train1,4728.png,L,P,2
No. 2845,train1,4729.png,L,P,2
No. 2846,train1,4730.png,L,P,2
No. 2847,train1,4731.png,L,P,2
No. 2848,train1,4732.png,L,P,2
No. 2849,train1,4734.png,L,P,2
No. 2850,train1,4735.png,L,P,2
No. 2851,train1,4736.png,L,P,2
No. 2852,train1,4737.png,L,P,2
No. 2853,train1,4739.png,L,P,2
No. 2854,train1,4740.png,L,P,2
No. 2855,train1,4741.png,L,P,2
No. 2856,train1,4742.png,L,P,2
No. 2857,train1,4743.png,L,P,2
No. 2858,train1,4744.png,L,P,2
No. 2859,train1,4745.png,L,P,2
No. 2860,train1,4746.png,L,P,2
No. 2861,train1,4747.png,L,P,2
No. 2862,train1,4748.png,L,P,2
No. 2863,train1,4749.png,L,P,2
No. 2864,train1,4750.png,L,P,2
No. 2865,train1,4751.png,L,P,2
No. 2866,train1,4752.png,L,P,2
No. 2867,train1,4753.png,L,P,2
No. 2868,train1,4754.png,L,P,2
No. 2869,train1,4755.png,L,P,2
No. 2870,train1,4757.png,L,P,2
No. 2871,train1,4758.png,L,P,2
No. 2872,train1,4759.png,L,P,2
No. 2873,train1,4760.png,L,P,2
No. 2874,train1,4761.png,L,P,2
No. 2875,train1,4762.png,L,P,2
No. 2876,train1,4763.png,L,P,2
No. 2877,train1,4764.png,L,P,2
No. 2878,train1,4765.png,L,P,2
No. 2879,train1,4766.png,L,P,2
No. 2880,train1,4767.png,L,P,2
No. 2881,train1,4768.png,L,P,2
No. 2882,train1,4769.png,L,P,2
No. 2883,train1,4770.png,L,P,2
No. 2884,train1,4771.png,L,P,2
No. 2885,train1,4772.png,L,P,2
No. 2886,train1,4773.png,L,P,2
No. 2887,train1,4774.png,L,P,2
No. 2888,train1,4775.png,L,P,2
No. 2889,train1,4776.png,L,P,2
No. 2890,train1,4777.png,L,P,2
No. 2891,train1,4778.png,L,P,2
No. 2892,train1,4779.png,L,P,2
No. 2893,train1,4781.png,L,P,2
No. 2894,train1,4782.png,L,P,2
No. 2895,train1,4784.png,L,P,2
No. 2896,train1,4785.png,L,P,2
No. 2897,train1,4786.png,L,P,2
No. 2898,train1,4787.png,L,P,2
No. 2899,train1,4788.png,L,P,2
No. 2900,train1,4789.png,L,P,2
No. 2901,train1,4790.png,L,P,2
No. 2902,train1,4791.png,L,P,2
No. 2903,train1,4792.png,L,P,2
No. 2904,train1,4793.png,L,P,2
No. 2905,train1,4794.png,L,P,2
No. 2906,train1,4795.png,L,P,2
No. 2907,train1,4796.png,L,P,2
No. 2908,train1,4797.png,L,P,2
No. 2909,train1,4798.png,L,P,2
No. 2910,train1,4799.png,L,P,2
No. 2911,train1,4801.png,L,P,2
No. 2912,train1,4802.png,L,P,2
No. 2913,train1,4803.png,L,P,2
No. 2914,train1,4804.png,L,P,2
No. 2915,train1,4805.png,L,P,2
No. 2916,train1,4806.png,L,P,2
No. 2917,train1,4807.png,L,P,2
No. 2918,train1,4808.png,L,P,2
No. 2919,train1,4809.png,L,P,2
No. 2920,train1,4811.png,L,P,2
No. 2921,train1,4813.png,L,P,2
No. 2922,train1,4814.png,L,P,2
No. 2923,train1,4815.png,L,P,2
No. 2924,train1,4816.png,L,P,2
No. 2925,train1,4817.png,L,P,2
No. 2926,train1,4818.png,L,P,2
No. 2927,train1,4819.png,L,P,2
No. 2928,train1,4820.png,L,P,2
No. 2929,train1,4821.png,L,P,2
No. 2930,train1,4822.png,L,P,2
No. 2931,train1,4823.png,L,P,2
No. 2932,train1,4824.png,L,P,2
No. 2933,train1,4825.png,L,P,2
No. 2934,train1,4826.png,L,P,2
No. 2935,train1,4827.png,L,P,2
No. 2936,train1,4828.png,L,P,2
No. 2937,train1,4829.png,L,P,2
No. 2938,train1,4830.png,L,P,2
No. 2939,train1,4831.png,L,P,2
No. 2940,train1,4832.png,L,P,2
No. 2941,train1,4833.png,L,P,2
No. 2942,train1,4834.png,L,P,2
No. 2943,train1,4835.png,L,P,2
No. 2944,train1,4836.png,L,P,2
No. 2945,train1,4837.png,L,P,2
No. 2946,train1,4838.png,L,P,2
No. 2947,train1,4839.png,L,P,2
No. 2948,train1,4840.png,L,P,2
No. 2949,train1,4841.png,L,P,2
No. 2950,train1,4842.png,L,P,2
No. 2951,train1,4843.png,L,P,2
No. 2952,train1,4844.png,L,P,2
No. 2953,train1,4845.png,L,P,2
No. 2954,train1,4846.png,L,P,2
No. 2955,train1,4847.png,L,P,2
No. 2956,train1,4848.png,L,P,2
No. 2957,train1,4849.png,L,P,2
No. 2958,train1,4850.png,L,P,2
No. 2959,train1,4852.png,L,P,2
No. 2960,train1,4853.png,L,P,2
No. 2961,train1,4855.png,L,P,2
No. 2962,train1,4856.png,L,P,2
No. 2963,train1,4857.png,L,P,2
No. 2964,train1,4858.png,L,P,2
No. 2965,train1,4859.png,L,P,2
No. 2966,train1,4860.png,L,P,2
No. 2967,train1,4861.png,L,P,2
No. 2968,train1,4865.png,L,P,2
No. 2969,train1,4866.png,L,P,2
No. 2970,train1,4867.png,L,P,2
No. 2971,train1,4868.png,L,P,2
No. 2972,train1,4869.png,L,P,2
No. 2973,train1,4870.png,L,P,2
No. 2974,train1,4871.png,L,P,2
No. 2975,train1,4872.png,L,P,2
No. 2976,train1,4873.png,L,P,2
No. 2977,train1,4874.png,L,P,2
No. 2978,train1,4875.png,L,P,2
No. 2979,train1,4876.png,L,P,2
No. 2980,train1,4877.png,L,P,2
No. 2981,train1,4878.png,L,P,2
No. 2982,train1,4879.png,L,P,2
No. 2983,train1,4880.png,L,P,2
No. 2984,train1,4881.png,L,P,2
No. 2985,train1,4882.png,L,P,2
No. 2986,train1,4883.png,L,P,2
No. 2987,train1,4884.png,L,P,2
No. 2988,train1,4885.png,L,P,2
No. 2989,train1,4886.png,L,P,2
No. 2990,train1,4887.png,L,P,2
No. 2991,train1,4889.png,L,P,2
No. 2992,train1,4890.png,L,P,2
No. 2993,train1,4891.png,L,P,2
No. 2994,train1,4893.png,L,P,2
No. 2995,train1,4894.png,L,P,2
No. 2996,train1,4895.png,L,P,2
No. 2997,train1,4896.png,L,P,2
No. 2998,train1,4897.png,L,P,2
No. 2999,train1,4898.png,L,P,2
No. 3000,train1,4899.png,L,P,2
No. 3001,train1,4900.png,L,P,2
No. 3002,train1,4901.png,L,P,2
No. 3003,train1,4902.png,L,P,2
No. 3004,train1,4903.png,L,P,2
No. 3005,train1,4904.png,L,P,2
No. 3006,train1,4905.png,L,P,2
No. 3007,train1,4906.png,L,P,2
No. 3008,train1,4907.png,L,P,2
No. 3009,train1,4908.png,L,P,2
No. 3010,train1,4909.png,L,P,2
No. 3011,train1,4911.png,L,P,2
No. 3012,train1,4912.png,L,P,2
No. 3013,train1,4913.png,L,P,2
No. 3014,train1,4914.png,L,P,2
No. 3015,train1,4915.png,L,P,2
No. 3016,train1,4916.png,L,P,2
No. 3017,train1,4917.png,L,P,2
No. 3018,train1,4918.png,L,P,2
No. 3019,train1,4919.png,L,P,2
No. 3020,train1,4920.png,L,P,2
No. 3021,train1,4921.png,L,P,2
No. 3022,train1,4922.png,L,P,2
No. 3023,train1,4923.png,L,P,2
No. 3024,train1,4924.png,L,P,2
No. 3025,train1,4925.png,L,P,2
No. 3026,train1,4927.png,L,P,2
No. 3027,train1,4928.png,L,P,2
No. 3028,train1,4929.png,L,P,2
No. 3029,train1,4930.png,L,P,2
No. 3030,train1,4931.png,L,P,2
No. 3031,train1,4933.png,L,P,2
No. 3032,train1,4934.png,L,P,2
No. 3033,train1,4935.png,L,P,2
No. 3034,train1,4936.png,L,P,2
No. 3035,train1,4937.png,L,P,2
No. 3036,train1,4938.png,L,P,2
No. 3037,train1,4939.png,L,P,2
No. 3038,train1,4940.png,L,P,2
No. 3039,train1,4941.png,L,P,2
No. 3040,train1,4942.png,L,P,2
No. 3041,train1,4943.png,L,P,2
No. 3042,train1,4944.png,L,P,2
No. 3043,train1,4945.png,L,P,2
No. 3044,train1,4946.png,L,P,2
No. 3045,train1,4947.png,L,P,2
No. 3046,train1,4948.png,L,P,2
No. 3047,train1,4949.png,L,P,2
No. 3048,train1,4950.png,L,P,2
No. 3049,train1,4951.png,L,P,2
No. 3050,train1,4952.png,L,P,2
No. 3051,train1,4953.png,L,P,2
No. 3052,train1,4954.png,L,P,2
No. 3053,train1,4955.png,L,P,2
No. 3054,train1,4956.png,L,P,2
No. 3055,train1,4958.png,L,P,2
No. 3056,train1,4959.png,L,P,2
No. 3057,train1,4960.png,L,P,2
No. 3058,train1,4961.png,L,P,2
No. 3059,train1,4962.png,L,P,2
No. 3060,train1,4963.png,L,P,2
No. 3061,train1,4965.png,L,P,2
No. 3062,train1,4966.png,L,P,2
No. 3063,train1,4968.png,L,P,2
No. 3064,train1,4969.png,L,P,2
No. 3065,train1,4971.png,L,P,2
No. 3066,train1,4972.png,L,P,2
No. 3067,train1,4973.png,L,P,2
No. 3068,train1,4974.png,L,P,2
No. 3069,train1,4976.png,L,P,2
No. 3070,train1,4977.png,L,P,2
No. 3071,train1,4978.png,L,P,2
No. 3072,train1,4979.png,L,P,2
No. 3073,train1,4980.png,L,P,2
No. 3074,train1,4982.png,L,P,2
No. 3075,train1,4983.png,L,P,2
No. 3076,train1,4984.png,L,P,2
No. 3077,train1,4985.png,L,P,2
No. 3078,train1,4986.png,L,P,2
No. 3079,train1,4988.png,L,P,2
No. 3080,train1,4989.png,L,P,2
No. 3081,train1,4990.png,L,P,2
No. 3082,train1,4991.png,L,P,2
No. 3083,train1,4992.png,L,P,2
No. 3084,train1,4993.png,L,P,2
No. 3085,train1,4995.png,L,P,2
No. 3086,train1,4996.png,L,P,2
No. 3087,train1,4997.png,L,P,2
No. 3088,train1,4999.png,L,P,2
No. 3089,train1,5000.png,L,P,2
No. 3090,train1,5001.png,L,P,2
No. 3091,train1,5002.png,L,P,2
No. 3092,train1,5003.png,L,P,2
No. 3093,train1,5004.png,L,P,2
No. 3094,train1,5005.png,L,P,2
No. 3095,train1,5006.png,L,P,2
No. 3096,train1,5007.png,L,P,2
No. 3097,train1,5008.png,L,P,2
No. 3098,train1,5009.png,L,P,2
No. 3099,train1,5010.png,L,P,2
No. 3100,train1,5011.png,L,P,2
No. 3101,train1,5012.png,L,P,2
No. 3102,train1,5013.png,L,P,2
No. 3103,train1,5014.png,L,P,2
No. 3104,train1,5015.png,L,P,2
No. 3105,train1,5016.png,L,P,2
No. 3106,train1,5017.png,L,P,2
No. 3107,train1,5019.png,L,P,2
No. 3108,train1,5020.png,L,P,2
No. 3109,train1,5021.png,L,P,2
No. 3110,train1,5022.png,L,P,2
No. 3111,train1,5023.png,L,P,2
No. 3112,train1,5024.png,L,P,2
No. 3113,train1,5026.png,L,P,2
No. 3114,train1,5027.png,L,P,2
No. 3115,train1,5028.png,L,P,2
No. 3116,train1,5029.png,L,P,2
No. 3117,train1,5030.png,L,P,2
No. 3118,train1,5031.png,L,P,2
No. 3119,train1,5035.png,L,P,2
No. 3120,train1,5036.png,L,P,2
No. 3121,train1,5038.png,L,P,2
No. 3122,train1,5039.png,L,P,2
No. 3123,train1,5040.png,L,P,2
No. 3124,train1,5041.png,L,P,2
No. 3125,train1,5042.png,L,P,2
No. 3126,train1,5043.png,L,P,2
No. 3127,train1,5045.png,L,P,2
No. 3128,train1,5047.png,L,P,2
No. 3129,train1,5048.png,L,P,2
No. 3130,train1,5049.png,L,P,2
No. 3131,train1,5051.png,L,P,2
No. 3132,train1,5052.png,L,P,2
No. 3133,train1,5053.png,L,P,2
No. 3134,train1,5054.png,L,P,2
No. 3135,train1,5055.png,L,P,2
No. 3136,train1,5056.png,L,P,2
No. 3137,train1,5057.png,L,P,2
No. 3138,train1,5058.png,L,P,2
No. 3139,train1,5059.png,L,P,2
No. 3140,train1,5060.png,L,P,2
No. 3141,train1,5061.png,L,P,2
No. 3142,train1,5062.png,L,P,2
No. 3143,train1,5063.png,L,P,2
No. 3144,train1,5064.png,L,P,2
No. 3145,train1,5065.png,L,P,2
No. 3146,train1,5066.png,L,P,2
No. 3147,train1,5067.png,L,P,2
No. 3148,train1,5068.png,L,P,2
No. 3149,train1,5069.png,L,P,2
No. 3150,train1,5070.png,L,P,2
No. 3151,train1,5072.png,L,P,2
No. 3152,train1,5073.png,L,P,2
No. 3153,train1,5074.png,L,P,2
No. 3154,train1,5075.png,L,P,2
No. 3155,train1,5076.png,L,P,2
No. 3156,train1,5077.png,L,P,2
No. 3157,train1,5079.png,L,P,2
No. 3158,train1,5080.png,L,P,2
No. 3159,train1,5081.png,L,P,2
No. 3160,train1,5082.png,L,P,2
No. 3161,train1,5084.png,L,P,2
No. 3162,train1,5085.png,R,T,2
No. 3163,train1,5086.png,L,P,2
No. 3164,train1,5087.png,L,P,2
No. 3165,train1,5088.png,L,P,2
No. 3166,train1,5089.png,L,P,2
No. 3167,train1,5090.png,L,P,2
No. 3168,train1,5091.png,L,P,2
No. 3169,train1,5092.png,L,P,2
No. 3170,train1,5094.png,L,P,2
No. 3171,train1,5096.png,L,P,2
No. 3172,train1,5097.png,L,P,2
No. 3173,train1,5098.png,L,P,2
No. 3174,train1,5100.png,L,P,2
No. 3175,train1,5101.png,L,P,2
No. 3176,train1,5102.png,L,P,2
No. 3177,train1,5103.png,L,P,2
No. 3178,train1,5104.png,L,P,2
No. 3179,train1,5105.png,L,P,2
No. 3180,train1,5106.png,L,P,2
No. 3181,train1,5107.png,L,P,2
No. 3182,train1,5108.png,L,P,2
No. 3183,train1,5109.png,L,P,2
No. 3184,train1,5110.png,L,P,2
No. 3185,train1,5111.png,L,P,2
No. 3186,train1,5112.png,L,P,2
No. 3187,train1,5113.png,L,P,2
No. 3188,train1,5115.png,L,P,2
No. 3189,train1,5116.png,L,P,2
No. 3190,train1,5117.png,L,P,2
No. 3191,train1,5118.png,L,P,2
No. 3192,train1,5119.png,L,P,2
No. 3193,train1,5120.png,L,P,2
No. 3194,train1,5121.png,L,P,2
No. 3195,train1,5122.png,L,P,2
No. 3196,train1,5123.png,L,P,2
No. 3197,train1,5124.png,L,P,2
No. 3198,train1,5126.png,L,P,2
No. 3199,train1,5127.png,L,P,2
No. 3200,train1,5128.png,L,P,2
No. 3201,train1,5129.png,L,P,2
No. 3202,train1,5130.png,L,P,2
No. 3203,train1,5131.png,L,P,2
No. 3204,train1,5132.png,L,P,2
No. 3205,train1,5133.png,L,P,2
No. 3206,train1,5134.png,L,P,2
No. 3207,train1,5135.png,L,P,2
No. 3208,train1,5136.png,L,P,2
No. 3209,train1,5137.png,L,P,2
No. 3210,train1,5138.png,L,P,2
No. 3211,train1,5139.png,L,P,2
No. 3212,train1,5140.png,L,P,2
No. 3213,train1,5141.png,L,P,2
No. 3214,train1,5142.png,L,P,2
No. 3215,train1,5144.png,L,P,2
No. 3216,train1,5145.png,L,P,2
No. 3217,train1,5146.png,L,P,2
No. 3218,train1,5148.png,L,P,2
No. 3219,train1,5149.png,L,P,2
No. 3220,train1,5150.png,L,P,2
No. 3221,train1,5151.png,L,P,2
No. 3222,train1,5152.png,L,P,2
No. 3223,train1,5153.png,L,P,2
No. 3224,train1,5154.png,L,P,2
No. 3225,train1,5155.png,L,P,2
No. 3226,train1,5156.png,L,P,2
No. 3227,train1,5157.png,L,P,2
No. 3228,train1,5158.png,L,P,2
No. 3229,train1,5159.png,L,P,2
No. 3230,train1,5160.png,L,P,2
No. 3231,train1,5161.png,L,P,2
No. 3232,train1,5162.png,L,P,0
No. 3233,train1,5163.png,L,P,0
No. 3234,train1,5164.png,L,P,0
No. 3235,train1,5165.png,L,P,0
No. 3236,train1,5166.png,L,P,0
No. 3237,train1,5167.png,L,P,0
No. 3238,train1,5168.png,L,P,0
No. 3239,train1,5169.png,L,P,0
No. 3240,train1,5170.png,L,P,0
No. 3241,train1,5171.png,L,P,0
No. 3242,train1,5172.png,L,P,0
No. 3243,train1,5174.png,L,P,0
No. 3244,train1,5175.png,L,P,0
No. 3245,train1,5176.png,L,P,0
No. 3246,train1,5177.png,L,P,0
No. 3247,train1,5178.png,L,P,0
No. 3248,train1,5179.png,L,P,0
No. 3249,train1,5180.png,L,P,0
No. 3250,train1,5181.png,L,P,0
No. 3251,train1,5182.png,L,P,0
No. 3252,train1,5183.png,L,P,0
No. 3253,train1,5184.png,L,P,0
No. 3254,train1,5185.png,L,P,0
No. 3255,train1,5186.png,L,P,0
No. 3256,train1,5187.png,L,P,0
No. 3257,train1,5188.png,L,P,0
No. 3258,train1,5189.png,L,P,0
No. 3259,train1,5190.png,L,P,0
No. 3260,train1,5191.png,L,P,0
No. 3261,train1,5192.png,L,P,0
No. 3262,train1,5193.png,L,P,0
No. 3263,train1,5195.png,L,P,0
No. 3264,train1,5197.png,L,P,0
No. 3265,train1,5198.png,L,P,0
No. 3266,train1,5199.png,L,P,0
No. 3267,train1,5200.png,L,P,0
No. 3268,train1,5201.png,L,P,0
No. 3269,train1,5202.png,L,P,0
No. 3270,train1,5205.png,L,P,0
No. 3271,train1,5206.png,L,P,0
No. 3272,train1,5207.png,L,P,0
No. 3273,train1,5209.png,L,P,0
No. 3274,train1,5210.png,L,P,0
No. 3275,train1,5211.png,L,P,0
No. 3276,train1,5212.png,L,P,0
No. 3277,train1,5213.png,L,P,0
No. 3278,train1,5214.png,L,P,0
No. 3279,train1,5215.png,L,P,0
No. 3280,train1,5216.png,L,P,0
No. 3281,train1,5217.png,L,P,0
No. 3282,train1,5218.png,L,P,0
No. 3283,train1,5219.png,L,P,0
No. 3284,train1,5220.png,L,P,0
No. 3285,train1,5221.png,L,P,0
No. 3286,train1,5223.png,L,P,0
No. 3287,train1,5224.png,L,P,0
No. 3288,train1,5226.png,L,P,0
No. 3289,train1,5227.png,L,P,0
No. 3290,train1,5228.png,R,T,0
No. 3291,train1,5229.png,L,P,0
No. 3292,train1,5230.png,L,P,0
No. 3293,train1,5232.png,L,P,0
No. 3294,train1,5233.png,L,P,0
No. 3295,train1,5234.png,L,P,0
No. 3296,train1,5235.png,L,P,0
No. 3297,train1,5236.png,L,P,0
No. 3298,train1,5237.png,L,P,0
No. 3299,train1,5238.png,L,P,0
No. 3300,train1,5239.png,L,P,0
No. 3301,train1,5240.png,R,T,0
No. 3302,train1,5241.png,L,P,0
No. 3303,train1,5242.png,L,P,0
No. 3304,train1,5243.png,L,P,0
No. 3305,train1,5244.png,L,P,0
No. 3306,train1,5245.png,L,P,0
No. 3307,train1,5246.png,L,P,0
No. 3308,train1,5247.png,L,P,0
No. 3309,train1,5248.png,L,P,0
No. 3310,train1,5249.png,L,P,0
No. 3311,train1,5250.png,L,P,0
No. 3312,train1,5251.png,L,P,0
No. 3313,train1,5252.png,L,P,0
No. 3314,train1,5253.png,L,P,0
No. 3315,train1,5254.png,L,P,0
No. 3316,train1,5255.png,L,P,0
No. 3317,train1,5256.png,L,P,0
No. 3318,train1,5257.png,L,P,0
No. 3319,train1,5258.png,L,P,0
No. 3320,train1,5259.png,L,P,0
No. 3321,train1,5260.png,L,P,0
No. 3322,train1,5261.png,L,P,0
No. 3323,train1,5262.png,L,P,0
No. 3324,train1,5263.png,L,P,0
No. 3325,train1,5264.png,L,P,0
No. 3326,train1,5265.png,L,P,0
No. 3327,train1,5267.png,L,P,0
No. 3328,train1,5268.png,L,P,0
No. 3329,train1,5269.png,L,P,0
No. 3330,train1,5270.png,L,P,0
No. 3331,train1,5271.png,L,P,0
No. 3332,train1,5273.png,L,P,0
No. 3333,train1,5274.png,L,P,0
No. 3334,train1,5275.png,L,P,0
No. 3335,train1,5276.png,L,P,0
No. 3336,train1,5277.png,L,P,0
No. 3337,train1,5278.png,L,P,0
No. 3338,train1,5279.png,L,P,0
No. 3339,train1,5280.png,L,P,0
No. 3340,train1,5281.png,L,P,0
No. 3341,train1,5282.png,L,P,0
No. 3342,train1,5283.png,L,P,0
No. 3343,train1,5284.png,L,P,0
No. 3344,train1,5285.png,L,P,0
No. 3345,train1,5286.png,L,P,0
No. 3346,train1,5287.png,L,P,0
No. 3347,train1,5289.png,L,P,0
No. 3348,train1,5290.png,L,P,0
No. 3349,train1,5291.png,L,P,0
No. 3350,train1,5292.png,L,P,0
No. 3351,train1,5293.png,L,P,0
No. 3352,train1,5294.png,L,P,0
No. 3353,train1,5295.png,L,P,0
No. 3354,train1,5296.png,L,P,0
No. 3355,train1,5297.png,L,P,0
No. 3356,train1,5298.png,L,P,0
No. 3357,train1,5299.png,L,P,0
No. 3358,train1,5300.png,L,P,0
No. 3359,train1,5301.png,L,P,0
No. 3360,train1,5302.png,L,P,0
No. 3361,train1,5303.png,L,P,0
No. 3362,train1,5304.png,L,P,0
No. 3363,train1,5305.png,L,P,0
No. 3364,train1,5306.png,L,P,0
No. 3365,train1,5307.png,L,P,0
No. 3366,train1,5308.png,L,P,0
No. 3367,train1,5309.png,L,P,0
No. 3368,train1,5310.png,L,P,0
No. 3369,train1,5311.png,L,P,0
No. 3370,train1,5312.png,L,P,0
No. 3371,train1,5313.png,L,P,0
No. 3372,train1,5314.png,L,P,0
No. 3373,train1,5315.png,L,P,0
No. 3374,train1,5316.png,L,P,0
No. 3375,train1,5317.png,L,P,0
No. 3376,train1,5318.png,L,P,0
No. 3377,train1,5319.png,L,P,0
No. 3378,train1,5320.png,L,P,0
No. 3379,train1,5321.png,L,P,0
No. 3380,train1,5322.png,L,P,0
No. 3381,train1,5323.png,L,P,0
No. 3382,train1,5325.png,L,P,0
No. 3383,train1,5326.png,L,P,0
No. 3384,train1,5327.png,L,P,0
No. 3385,train1,5328.png,L,P,0
No. 3386,train1,5329.png,L,P,0
No. 3387,train1,5330.png,L,P,0
No. 3388,train1,5331.png,L,P,0
No. 3389,train1,5332.png,L,P,0
No. 3390,train1,5333.png,L,P,0
No. 3391,train1,5334.png,L,P,0
No. 3392,train1,5335.png,L,P,0
No. 3393,train1,5336.png,L,P,0
No. 3394,train1,5337.png,L,P,0
No. 3395,train1,5338.png,L,P,0
No. 3396,train1,5339.png,L,P,0
No. 3397,train1,5340.png,L,P,0
No. 3398,train1,5341.png,L,P,0
No. 3399,train1,5342.png,L,P,0
No. 3400,train1,5343.png,L,P,0
No. 3401,train1,5344.png,L,P,0
No. 3402,train1,5345.png,L,P,0
No. 3403,train1,5346.png,L,P,0
No. 3404,train1,5347.png,L,P,0
No. 3405,train1,5348.png,L,P,0
No. 3406,train1,5349.png,L,P,0
No. 3407,train1,5351.png,L,P,0
No. 3408,train1,5352.png,L,P,0
No. 3409,train1,5353.png,L,P,0
No. 3410,train1,5354.png,L,P,0
No. 3411,train1,5355.png,L,P,0
No. 3412,train1,5356.png,L,P,0
No. 3413,train1,5358.png,L,P,0
No. 3414,train1,5359.png,L,P,0
No. 3415,train1,5361.png,L,P,0
No. 3416,train1,5362.png,L,P,0
No. 3417,train1,5363.png,L,P,0
No. 3418,train1,5364.png,L,P,0
No. 3419,train1,5365.png,L,P,0
No. 3420,train1,5366.png,L,P,0
No. 3421,train1,5367.png,L,P,0
No. 3422,train1,5368.png,L,P,0
No. 3423,train1,5369.png,L,P,0
No. 3424,train1,5370.png,L,P,0
No. 3425,train1,5371.png,L,P,0
No. 3426,train1,5372.png,L,P,0
No. 3427,train1,5373.png,L,P,0
No. 3428,train1,5374.png,L,P,0
No. 3429,train1,5375.png,L,P,0
No. 3430,train1,5376.png,L,P,0
No. 3431,train1,5377.png,L,P,0
No. 3432,train1,5378.png,L,P,0
No. 3433,train1,5379.png,L,P,0
No. 3434,train1,5380.png,L,P,0
No. 3435,train1,5381.png,L,P,0
No. 3436,train1,5382.png,L,P,0
No. 3437,train1,5383.png,L,P,0
No. 3438,train1,5384.png,L,P,0
No. 3439,train1,5385.png,L,P,0
No. 3440,train1,5386.png,L,P,0
No. 3441,train1,5387.png,L,P,0
No. 3442,train1,5389.png,L,P,0
No. 3443,train1,5390.png,L,P,0
No. 3444,train1,5391.png,L,P,0
No. 3445,train1,5393.png,L,P,0
No. 3446,train1,5394.png,L,P,0
No. 3447,train1,5395.png,L,P,0
No. 3448,train1,5396.png,L,P,0
No. 3449,train1,5397.png,L,P,0
No. 3450,train1,5399.png,L,P,0
No. 3451,train1,5400.png,L,P,0
No. 3452,train1,5401.png,L,P,0
No. 3453,train1,5402.png,L,P,0
No. 3454,train1,5403.png,L,P,0
No. 3455,train1,5404.png,L,P,0
No. 3456,train1,5405.png,L,P,0
No. 3457,train1,5406.png,L,P,0
No. 3458,train1,5407.png,L,P,0
No. 3459,train1,5408.png,L,P,0
No. 3460,train1,5409.png,L,P,0
No. 3461,train1,5410.png,L,P,0
No. 3462,train1,5411.png,L,P,0
No. 3463,train1,5413.png,L,P,0
No. 3464,train1,5414.png,L,P,0
No. 3465,train1,5415.png,L,P,0
No. 3466,train1,5416.png,L,P,0
No. 3467,train1,5418.png,L,P,0
No. 3468,train1,5420.png,L,P,0
No. 3469,train1,5421.png,L,P,0
No. 3470,train1,5422.png,L,P,0
No. 3471,train1,5423.png,L,P,0
No. 3472,train1,5424.png,L,P,0
No. 3473,train1,5425.png,L,P,0
No. 3474,train1,5426.png,L,P,0
No. 3475,train1,5427.png,L,P,0
No. 3476,train1,5428.png,L,P,0
No. 3477,train1,5429.png,L,P,0
No. 3478,train1,5430.png,L,P,0
No. 3479,train1,5431.png,L,P,0
No. 3480,train1,5432.png,L,P,0
No. 3481,train1,5433.png,L,P,0
No. 3482,train1,5434.png,L,P,0
No. 3483,train1,5435.png,L,P,0
No. 3484,train1,5436.png,L,P,0
No. 3485,train1,5437.png,L,P,0
No. 3486,train1,5438.png,L,P,0
No. 3487,train1,5439.png,L,P,0
No. 3488,train1,5440.png,L,P,0
No. 3489,train1,5441.png,L,P,0
No. 3490,train1,5442.png,L,P,0
No. 3491,train1,5443.png,L,P,0
No. 3492,train1,5444.png,L,P,0
No. 3493,train1,5445.png,L,P,0
No. 3494,train1,5446.png,L,P,0
No. 3495,train1,5447.png,L,P,0
No. 3496,train1,5448.png,L,P,0
No. 3497,train1,5449.png,L,P,0
No. 3498,train1,5450.png,L,P,0
No. 3499,train1,5452.png,L,P,0
No. 3500,train1,5453.png,L,P,0
No. 3501,train1,5455.png,L,P,0
No. 3502,train1,5456.png,L,P,0
No. 3503,train1,5457.png,L,P,0
No. 3504,train1,5458.png,L,P,0
No. 3505,train1,5459.png,L,P,0
No. 3506,train1,5460.png,L,P,0
No. 3507,train1,5461.png,L,P,0
No. 3508,train1,5462.png,L,P,0
No. 3509,train1,5463.png,L,P,0
No. 3510,train1,5464.png,L,P,0
No. 3511,train1,5465.png,L,P,0
No. 3512,train1,5466.png,L,P,0
No. 3513,train1,5467.png,L,P,0
No. 3514,train1,5468.png,L,P,0
No. 3515,train1,5469.png,L,P,0
No. 3516,train1,5470.png,L,P,0
No. 3517,train1,5471.png,L,P,0
No. 3518,train1,5472.png,L,P,0
No. 3519,train1,5473.png,L,P,0
No. 3520,train1,5474.png,L,P,0
No. 3521,train1,5475.png,L,P,0
No. 3522,train1,5476.png,L,P,0
No. 3523,train1,5477.png,L,P,0
No. 3524,train1,5478.png,L,P,0
No. 3525,train1,5479.png,L,P,0
No. 3526,train1,5480.png,L,P,0
No. 3527,train1,5481.png,L,P,0
No. 3528,train1,5482.png,L,P,0
No. 3529,train1,5483.png,L,P,0
No. 3530,train1,5484.png,L,P,0
No. 3531,train1,5485.png,L,P,0
No. 3532,train1,5486.png,L,P,0
No. 3533,train1,5487.png,L,P,0
No. 3534,train1,5488.png,L,P,0
No. 3535,train1,5489.png,L,P,0
No. 3536,train1,5490.png,L,P,0
No. 3537,train1,5491.png,L,P,0
No. 3538,train1,5492.png,L,P,0
No. 3539,train1,5493.png,L,P,0
No. 3540,train1,5494.png,L,P,0
No. 3541,train1,5495.png,L,P,0
No. 3542,train1,5496.png,L,P,0
No. 3543,train1,5497.png,L,P,0
No. 3544,train1,5498.png,L,P,0
No. 3545,train1,5499.png,L,P,0
No. 3546,train1,5500.png,L,P,0
No. 3547,train1,5501.png,L,P,0
No. 3548,train1,5502.png,L,P,0
No. 3549,train1,5503.png,L,P,0
No. 3550,train1,5504.png,L,P,0
No. 3551,train1,5505.png,L,P,0
No. 3552,train1,5506.png,L,P,0
No. 3553,train1,5507.png,L,P,0
No. 3554,train1,5508.png,L,P,0
No. 3555,train1,5509.png,L,P,0
No. 3556,train1,5510.png,L,P,0
No. 3557,train1,5511.png,L,P,0
No. 3558,train1,5512.png,L,P,0
No. 3559,train1,5513.png,L,P,0
No. 3560,train1,5514.png,L,P,0
No. 3561,train1,5515.png,L,P,0
No. 3562,train1,5516.png,L,P,0
No. 3563,train1,5517.png,L,P,0
No. 3564,train1,5518.png,L,P,0
No. 3565,train1,5519.png,L,P,0
No. 3566,train1,5520.png,L,P,0
No. 3567,train1,5521.png,L,P,0
No. 3568,train1,5522.png,L,P,0
No. 3569,train1,5523.png,L,P,0
No. 3570,train1,5524.png,L,P,0
No. 3571,train1,5525.png,L,P,0
No. 3572,train1,5526.png,L,P,0
No. 3573,train1,5527.png,L,P,0
No. 3574,train1,5528.png,L,P,0
No. 3575,train1,5529.png,L,P,0
No. 3576,train1,5530.png,L,P,0
No. 3577,train1,5531.png,L,P,0
No. 3578,train1,5532.png,L,P,0
No. 3579,train1,5533.png,L,P,0
No. 3580,train1,5534.png,L,P,0
No. 3581,train1,5535.png,L,P,0
No. 3582,train1,5536.png,L,P,0
No. 3583,train1,5537.png,L,P,0
No. 3584,train1,5538.png,L,P,0
No. 3585,train1,5539.png,L,P,0
No. 3586,train1,5540.png,L,P,0
No. 3587,train1,5541.png,L,P,0
No. 3588,train1,5542.png,L,P,0
No. 3589,train1,5543.png,L,P,0
No. 3590,train1,5544.png,L,P,0
No. 3591,train1,5545.png,L,P,0
No. 3592,train1,5546.png,L,P,0
No. 3593,train1,5547.png,L,P,0
No. 3594,train1,5548.png,L,P,0
No. 3595,train1,5549.png,L,P,0
No. 3596,train1,5550.png,L,P,0
No. 3597,train1,5551.png,L,P,0
No. 3598,train1,5552.png,L,P,0
No. 3599,train1,5553.png,L,P,0
No. 3600,train1,5554.png,L,P,0
No. 3601,train1,5555.png,L,P,0
No. 3602,train1,5556.png,L,P,0
No. 3603,train1,5557.png,L,P,0
No. 3604,train1,5558.png,L,P,0
No. 3605,train1,5559.png,L,P,0
No. 3606,train1,5560.png,L,P,0
No. 3607,train1,5561.png,L,P,0
No. 3608,train1,5562.png,L,P,0
No. 3609,train1,5563.png,L,P,0
No. 3610,train1,5564.png,L,P,0
No. 3611,train1,5565.png,L,P,0
No. 3612,train1,5566.png,L,P,0
No. 3613,train1,5567.png,L,P,0
No. 3614,train1,5568.png,L,P,0
No. 3615,train1,5569.png,L,P,0
No. 3616,train1,5570.png,L,P,0
No. 3617,train1,5571.png,L,P,0
No. 3618,train1,5572.png,L,P,0
No. 3619,train1,5573.png,L,P,0
No. 3620,train1,5574.png,L,P,0
No. 3621,train1,5575.png,L,P,0
No. 3622,train1,5576.png,L,P,0
No. 3623,train1,5577.png,L,P,0
No. 3624,train1,5578.png,L,P,0
No. 3625,train1,5579.png,L,P,0
No. 3626,train1,5580.png,L,P,0
No. 3627,train1,5581.png,L,P,0
No. 3628,train1,5582.png,L,P,0
No. 3629,train1,5583.png,L,P,0
No. 3630,train1,5584.png,L,P,0
No. 3631,train1,5585.png,L,P,0
No. 3632,train1,5586.png,L,P,0
No. 3633,train1,5587.png,L,P,0
No. 3634,train1,5588.png,L,P,0
No. 3635,train1,5589.png,L,P,0
No. 3636,train1,5590.png,L,P,0
No. 3637,train1,5591.png,L,P,0
No. 3638,train1,5592.png,L,P,0
No. 3639,train1,5593.png,L,P,0
No. 3640,train1,5594.png,L,P,0
No. 3641,train1,5595.png,L,P,0
No. 3642,train1,5596.png,L,P,0
No. 3643,train1,5597.png,L,P,0
No. 3644,train1,5598.png,L,P,0
No. 3645,train1,5599.png,L,P,0
No. 3646,train1,5600.png,L,P,0
No. 3647,train1,5601.png,L,P,0
No. 3648,train1,5602.png,L,P,0
No. 3649,train1,5603.png,L,P,0
No. 3650,train1,5604.png,L,P,0
No. 3651,train1,5605.png,L,P,0
No. 3652,train1,5606.png,L,P,0
No. 3653,train1,5607.png,L,P,0
No. 3654,train1,5608.png,L,P,0
No. 3655,train1,5609.png,L,P,0
No. 3656,train1,5610.png,L,P,0
No. 3657,train1,5611.png,L,P,0
No. 3658,train1,5612.png,L,P,0
No. 3659,train1,5613.png,L,P,0
No. 3660,train1,5614.png,L,P,0
No. 3661,train1,5615.png,L,P,0
No. 3662,train1,5616.png,L,P,0
No. 3663,train1,5617.png,L,P,0
No. 3664,train1,5618.png,L,P,0
No. 3665,train1,5619.png,L,P,0
No. 3666,train1,5620.png,L,P,0
No. 3667,train1,5621.png,L,P,0
No. 3668,train1,5622.png,L,P,0
No. 3669,train1,5623.png,L,P,0
No. 3670,train1,5624.png,L,P,0
No. 3671,train1,5625.png,L,P,0
No. 3672,train1,5626.png,L,P,0
No. 3673,train1,5627.png,L,P,0
No. 3674,train1,5628.png,L,P,0
No. 3675,train1,5629.png,L,P,0
No. 3676,train1,5630.png,L,P,0
No. 3677,train1,5631.png,L,P,0
No. 3678,train1,5632.png,L,P,0
No. 3679,train1,5633.png,L,P,0
No. 3680,train1,5634.png,L,P,0
No. 3681,train1,5635.png,L,P,0
No. 3682,train1,5636.png,L,P,0
No. 3683,train1,5637.png,L,P,0
No. 3684,train1,5638.png,L,P,0
No. 3685,train1,5639.png,L,P,0
No. 3686,train1,5640.png,L,P,0
No. 3687,train1,5641.png,L,P,0
No. 3688,train1,5642.png,L,P,0
No. 3689,train1,5643.png,L,P,0
No. 3690,train1,5644.png,L,P,0
No. 3691,train1,5645.png,L,P,0
No. 3692,train1,5646.png,L,P,0
No. 3693,train1,5647.png,L,P,0
No. 3694,train1,5648.png,L,P,0
No. 3695,train1,5649.png,L,P,0
No. 3696,train1,5650.png,L,P,0
No. 3697,train1,5651.png,L,P,0
No. 3698,train1,5652.png,L,P,0
No. 3699,train1,5653.png,L,P,0
No. 3700,train1,5654.png,L,P,0
No. 3701,train1,5655.png,L,P,0
No. 3702,train1,5656.png,L,P,0
No. 3703,train1,5657.png,L,P,0
No. 3704,train1,5658.png,L,P,0
No. 3705,train1,5659.png,L,P,0
No. 3706,train1,5660.png,L,P,0
No. 3707,train1,5661.png,L,P,0
No. 3708,train1,5662.png,L,P,0
No. 3709,train1,5663.png,L,P,0
No. 3710,train1,5664.png,L,P,0
No. 3711,train1,5665.png,L,P,0
No. 3712,train1,5666.png,L,P,0
No. 3713,train1,5667.png,L,P,0
No. 3714,train1,5668.png,L,P,0
No. 3715,train1,5669.png,L,P,0
No. 3716,train1,5670.png,L,P,0
No. 3717,train1,5671.png,L,P,0
No. 3718,train1,5672.png,L,P,0
No. 3719,train1,5673.png,L,P,0
No. 3720,train1,5674.png,L,P,0
No. 3721,train1,5675.png,L,P,0
No. 3722,train1,5676.png,L,P,0
No. 3723,train1,5677.png,L,P,0
No. 3724,train1,5678.png,L,P,0
No. 3725,train1,5679.png,L,P,0
No. 3726,train1,5680.png,L,P,0
No. 3727,train1,5681.png,L,P,0
No. 3728,train1,5682.png,L,P,0
No. 3729,train1,5683.png,L,P,0
No. 3730,train1,5684.png,L,P,0
No. 3731,train1,5685.png,L,P,0
No. 3732,train1,5686.png,L,P,0
No. 3733,train1,5687.png,L,P,0
No. 3734,train1,5688.png,L,P,0
No. 3735,train1,5689.png,L,P,0
No. 3736,train1,5690.png,L,P,0
No. 3737,train1,5691.png,L,P,0
No. 3738,train1,5692.png,L,P,0
No. 3739,train1,5693.png,L,P,0
No. 3740,train1,5694.png,L,P,0
No. 3741,train1,5695.png,L,P,0
No. 3742,train1,5696.png,L,P,0
No. 3743,train1,5697.png,L,P,0
No. 3744,train1,5698.png,L,P,0
No. 3745,train1,5699.png,L,P,0
No. 3746,train1,5700.png,L,P,0
No. 3747,train1,5701.png,L,P,0
No. 3748,train1,5702.png,L,P,0
No. 3749,train1,5703.png,L,P,0
No. 3750,train1,5704.png,L,P,0
No. 3751,train1,5705.png,L,P,0
No. 3752,train1,5706.png,L,P,0
No. 3753,train1,5707.png,L,P,0
No. 3754,train1,5708.png,L,P,0
No. 3755,train1,5709.png,L,P,0
No. 3756,train1,5710.png,L,P,0
No. 3757,train1,5711.png,L,P,0
No. 3758,train1,5712.png,L,P,0
No. 3759,train1,5713.png,L,P,0
No. 3760,train1,5714.png,L,P,0
No. 3761,train1,5715.png,L,P,0
No. 3762,train1,5716.png,L,P,0
No. 3763,train1,5717.png,L,P,0
No. 3764,train1,5718.png,L,P,0
No. 3765,train1,5719.png,L,P,0
No. 3766,train1,5720.png,L,P,0
No. 3767,train1,5721.png,L,P,0
No. 3768,train1,5722.png,L,P,0
No. 3769,train1,5723.png,L,P,0
No. 3770,train1,5724.png,L,P,0
No. 3771,train1,5725.png,L,P,0
No. 3772,train1,5726.png,L,P,0
No. 3773,train1,5727.png,L,P,0
No. 3774,train1,5728.png,L,P,0
No. 3775,train1,5729.png,L,P,0
No. 3776,train1,5730.png,L,P,0
No. 3777,train1,5731.png,L,P,0
No. 3778,train1,5732.png,L,P,0
No. 3779,train1,5733.png,L,P,0
No. 3780,train1,5734.png,L,P,0
No. 3781,train1,5735.png,L,P,0
No. 3782,train1,5736.png,L,P,0
No. 3783,train1,5737.png,L,P,0
No. 3784,train1,5738.png,L,P,0
No. 3785,train1,5739.png,L,P,0
No. 3786,train1,5740.png,L,P,0
No. 3787,train1,5741.png,L,P,0
No. 3788,train1,5742.png,L,P,0
No. 3789,train1,5743.png,L,P,0
No. 3790,train1,5744.png,L,P,0
No. 3791,train1,5745.png,L,P,0
No. 3792,train1,5746.png,L,P,0
No. 3793,train1,5747.png,L,P,0
No. 3794,train1,5748.png,L,P,0
No. 3795,train1,5749.png,L,P,0
No. 3796,train1,5750.png,L,P,0
No. 3797,train1,5751.png,L,P,0
No. 3798,train1,5752.png,L,P,0
No. 3799,train1,5753.png,L,P,0
No. 3800,train1,5754.png,L,P,0
No. 3801,train1,5755.png,L,P,0
No. 3802,train1,5756.png,L,P,0
No. 3803,train1,5757.png,L,P,0
No. 3804,train1,5758.png,L,P,0
No. 3805,train1,5759.png,L,P,0
No. 3806,train1,5760.png,L,P,0
No. 3807,train1,5761.png,L,P,0
No. 3808,train1,5762.png,L,P,0
No. 3809,train1,5763.png,L,P,0
No. 3810,train1,5764.png,L,P,0
No. 3811,train1,5765.png,L,P,0
No. 3812,train1,5766.png,L,P,0
No. 3813,train1,5767.png,L,P,0
No. 3814,train1,5768.png,L,P,0
No. 3815,train1,5769.png,L,P,0
No. 3816,train1,5770.png,L,P,0
No. 3817,train1,5771.png,L,P,0
No. 3818,train1,5772.png,L,P,0
No. 3819,train1,5773.png,L,P,0
No. 3820,train1,5774.png,L,P,0
No. 3821,train1,5775.png,L,P,0
No. 3822,train1,5776.png,L,P,0
No. 3823,train1,5777.png,L,P,0
No. 3824,train1,5778.png,L,P,0
No. 3825,train1,5779.png,L,P,0
No. 3826,train1,5780.png,L,P,0
No. 3827,train1,5781.png,L,P,0
No. 3828,train1,5782.png,L,P,0
No. 3829,train1,5783.png,L,P,0
No. 3830,train1,5784.png,L,P,0
No. 3831,train1,5785.png,L,P,0
No. 3832,train1,5786.png,L,P,0
No. 3833,train1,5787.png,L,P,0
No. 3834,train1,5788.png,L,P,0
No. 3835,train1,5789.png,L,P,0
No. 3836,train1,5790.png,L,P,0
No. 3837,train1,5791.png,L,P,0
No. 3838,train1,5792.png,L,P,0
No. 3839,train1,5793.png,L,P,0
No. 3840,train1,5794.png,L,P,0
No. 3841,train1,5795.png,L,P,0
No. 3842,train1,5796.png,L,P,0
No. 3843,train1,5797.png,L,P,0
No. 3844,train1,5798.png,L,P,0
No. 3845,train1,5799.png,L,P,0
No. 3846,train1,5800.png,L,P,0
No. 3847,train1,5801.png,L,P,0
No. 3848,train1,5802.png,L,P,0
No. 3849,train1,5803.png,L,P,0
No. 3850,train1,5804.png,L,P,0
No. 3851,train1,5805.png,L,P,0
No. 3852,train1,5806.png,L,P,0
No. 3853,train1,5807.png,L,P,0
No. 3854,train1,5808.png,L,P,0
No. 3855,train1,5809.png,L,P,0
No. 3856,train1,5810.png,L,P,0
No. 3857,train1,5811.png,L,P,0
No. 3858,train1,5812.png,L,P,0
No. 3859,train1,5813.png,L,P,0
No. 3860,train1,5814.png,L,P,0
No. 3861,train1,5815.png,L,P,0
No. 3862,train1,5816.png,L,P,0
No. 3863,train1,5817.png,L,P,0
No. 3864,train1,5818.png,L,P,0
No. 3865,train1,5819.png,L,P,0
No. 3866,train1,5820.png,L,P,0
No. 3867,train1,5821.png,L,P,0
No. 3868,train1,5822.png,L,P,0
No. 3869,train1,5823.png,L,P,0
No. 3870,train1,5824.png,L,P,0
No. 3871,train1,5825.png,L,P,0
No. 3872,train1,5826.png,L,P,0
No. 3873,train1,5827.png,L,P,0
No. 3874,train1,5828.png,L,P,0
No. 3875,train1,5829.png,L,P,0
No. 3876,train1,5830.png,L,P,0
No. 3877,train1,5831.png,L,P,0
No. 3878,train1,5832.png,L,P,0
No. 3879,train1,5833.png,L,P,0
No. 3880,train1,5834.png,L,P,0
No. 3881,train1,5835.png,L,P,0
No. 3882,train1,5836.png,L,P,0
No. 3883,train1,5837.png,L,P,0
No. 3884,train1,5838.png,L,P,0
No. 3885,train1,5839.png,L,P,0
No. 3886,train1,5840.png,L,P,0
No. 3887,train1,5841.png,L,P,0
No. 3888,train1,5842.png,L,P,0
No. 3889,train1,5843.png,L,P,0
No. 3890,train1,5844.png,L,P,0
No. 3891,train1,5845.png,L,P,0
No. 3892,train1,5846.png,L,P,0
No. 3893,train1,5847.png,L,P,0
No. 3894,train1,5848.png,L,P,0
No. 3895,train1,5849.png,L,P,0
No. 3896,train1,5850.png,L,P,0
No. 3897,train1,5851.png,L,P,0
No. 3898,train1,5852.png,L,P,0
No. 3899,train1,5853.png,L,P,0
No. 3900,train1,5854.png,L,P,0
No. 3901,train1,5855.png,L,P,0
No. 3902,train1,5856.png,L,P,0
No. 3903,train1,5857.png,L,P,0
No. 3904,train1,5858.png,L,P,0
No. 3905,train1,5859.png,L,P,0
No. 3906,train1,5860.png,L,P,0
No. 3907,train1,5861.png,L,P,0
No. 3908,train1,5862.png,L,P,0
No. 3909,train1,5863.png,L,P,0
No. 3910,train1,5864.png,L,P,0
No. 3911,train1,5865.png,L,P,0
No. 3912,train1,5866.png,L,P,0
No. 3913,train1,5867.png,L,P,0
No. 3914,train1,5868.png,L,P,0
No. 3915,train1,5869.png,L,P,0
No. 3916,train1,5870.png,L,P,0
No. 3917,train1,5871.png,L,P,0
No. 3918,train1,5872.png,L,P,0
No. 3919,train1,5873.png,L,P,0
No. 3920,train1,5874.png,L,P,0
No. 3921,train1,5875.png,L,P,0
No. 3922,train1,5876.png,L,P,0
No. 3923,train1,5877.png,L,P,0
No. 3924,train1,5878.png,L,P,0
No. 3925,train1,5879.png,L,P,0
No. 3926,train1,5880.png,L,P,0
No. 3927,train1,5881.png,L,P,0
No. 3928,train1,5882.png,L,P,0
No. 3929,train1,5883.png,L,P,0
No. 3930,train1,5884.png,L,P,0
No. 3931,train1,5885.png,L,P,0
No. 3932,train1,5886.png,L,P,0
No. 3933,train1,5887.png,L,P,0
No. 3934,train1,5888.png,L,P,0
No. 3935,train1,5889.png,L,P,0
No. 3936,train1,5890.png,L,P,0
No. 3937,train1,5891.png,L,P,0
No. 3938,train1,5892.png,L,P,0
No. 3939,train1,5893.png,L,P,0
No. 3940,train1,5894.png,L,P,0
No. 3941,train1,5895.png,L,P,0
No. 3942,train1,5896.png,L,P,0
No. 3943,train1,5897.png,L,P,0
No. 3944,train1,5898.png,L,P,0
No. 3945,train1,5899.png,L,P,0
No. 3946,train1,5900.png,L,P,0
No. 3947,train1,5901.png,L,P,0
No. 3948,train1,5902.png,L,P,0
No. 3949,train1,5903.png,L,P,0
No. 3950,train1,5904.png,L,P,0
No. 3951,train1,5905.png,L,P,0
No. 3952,train1,5908.png,L,P,0
No. 3953,train1,5910.png,L,P,0
No. 3954,train1,5914.png,L,P,0
No. 3955,train1,5916.png,L,P,0
No. 3956,train1,5918.png,L,P,0
No. 3957,train1,5920.png,L,P,0
No. 3958,train1,5922.png,L,P,0
No. 3959,train1,5923.png,L,P,0
No. 3960,train1,5929.png,L,P,0
No. 3961,train1,5930.png,L,P,0
No. 3962,train1,5934.png,L,P,0
No. 3963,train1,5937.png,L,P,0
No. 3964,train1,5938.png,L,P,0
No. 3965,train1,5939.png,L,P,0
No. 3966,train1,5940.png,L,P,0
No. 3967,train1,5941.png,L,P,0
No. 3968,train1,5942.png,L,P,0
No. 3969,train1,5943.png,L,P,0
No. 3970,train1,5950.png,L,P,0
No. 3971,train1,5955.png,L,P,0
No. 3972,train1,5956.png,L,P,0
No. 3973,train1,5957.png,L,P,0
No. 3974,train1,5958.png,L,P,0
No. 3975,train1,5959.png,L,P,0
No. 3976,train1,5960.png,L,P,0
No. 3977,train1,5968.png,L,P,0
No. 3978,train1,5970.png,L,P,0
No. 3979,train1,5973.png,L,P,0
No. 3980,train1,5974.png,L,P,0
No. 3981,train1,5975.png,L,P,0
No. 3982,train1,5978.png,L,P,0
No. 3983,train1,5979.png,L,P,0
No. 3984,train1,5980.png,L,P,0
No. 3985,train1,5982.png,L,P,0
No. 3986,train1,5984.png,L,P,0
No. 3987,train1,5985.png,L,P,0
No. 3988,train1,5986.png,L,P,0
No. 3989,train1,5987.png,L,P,0
No. 3990,train1,5988.png,L,P,0
No. 3991,train1,5989.png,L,P,0
No. 3992,train1,5990.png,L,P,0
No. 3993,train1,5994.png,L,P,0
No. 3994,train1,5995.png,L,P,0
No. 3995,train1,5996.png,L,P,0
No. 3996,train1,5999.png,L,P,0
No. 3997,train1,6000.png,L,P,0
No. 3998,train1,6001.png,L,P,0
No. 3999,train1,6002.png,L,P,0
No. 4000,train1,6003.png,L,P,0
No. 4001,train1,6004.png,L,P,0
No. 4002,train1,6005.png,L,P,0
No. 4003,train1,6006.png,L,P,0
No. 4004,train1,6007.png,L,P,0
No. 4005,train1,6008.png,L,P,0
No. 4006,train1,6009.png,L,P,0
No. 4007,train1,6010.png,L,P,0
No. 4008,train1,6011.png,L,P,0
No. 4009,train1,6013.png,R,T,0
No. 4010,train1,6014.png,R,T,0
No. 4011,train1,6015.png,L,P,0
No. 4012,train1,6016.png,L,P,0
No. 4013,train1,6017.png,L,P,0
No. 4014,train1,6018.png,L,P,0
No. 4015,train1,6019.png,L,P,0
No. 4016,train1,6020.png,L,P,0
No. 4017,train1,6021.png,L,P,0
No. 4018,train1,6022.png,L,P,0
No. 4019,train1,6024.png,L,P,0
No. 4020,train1,6025.png,L,P,0
No. 4021,train1,6026.png,L,P,0
No. 4022,train1,6027.png,L,P,0
No. 4023,train1,6028.png,L,P,0
No. 4024,train1,6029.png,L,P,0
No. 4025,train1,6030.png,L,P,0
No. 4026,train1,6031.png,L,P,0
No. 4027,train1,6032.png,L,P,0
No. 4028,train1,6033.png,L,P,0
No. 4029,train1,6034.png,L,P,0
No. 4030,train1,6035.png,L,P,0
No. 4031,train1,6036.png,L,P,0
No. 4032,train1,6037.png,L,P,0
No. 4033,train1,6038.png,L,P,0
No. 4034,train1,6039.png,L,P,0
No. 4035,train1,6040.png,L,P,0
No. 4036,train1,6041.png,L,P,0
No. 4037,train1,6042.png,L,P,0
No. 4038,train1,6043.png,L,P,0
No. 4039,train1,6044.png,L,P,0
No. 4040,train1,6045.png,L,P,0
No. 4041,train1,6046.png,L,P,0
No. 4042,train1,6047.png,L,P,0
No. 4043,train1,6048.png,L,P,0
No. 4044,train1,6049.png,L,P,0
No. 4045,train1,6050.png,L,P,0
No. 4046,train1,6051.png,L,P,0
No. 4047,train1,6052.png,L,P,0
No. 4048,train1,6053.png,R,T,0
No. 4049,train1,6054.png,L,P,0
No. 4050,train1,6055.png,L,P,0
No. 4051,train1,6057.png,L,P,0
No. 4052,train1,6058.png,L,P,0
No. 4053,train1,6059.png,L,P,0
No. 4054,train1,6060.png,L,P,0
No. 4055,train1,6061.png,L,P,0
No. 4056,train1,6062.png,L,P,0
No. 4057,train1,6063.png,L,P,0
No. 4058,train1,6064.png,L,P,0
No. 4059,train1,6065.png,L,P,0
No. 4060,train1,6066.png,L,P,0
No. 4061,train1,6067.png,L,P,0
No. 4062,train1,6068.png,L,P,0
No. 4063,train1,6069.png,L,P,0
No. 4064,train1,6070.png,L,P,0
No. 4065,train1,6071.png,L,P,0
No. 4066,train1,6072.png,L,P,0
No. 4067,train1,6073.png,L,P,0
No. 4068,train1,6074.png,L,P,0
No. 4069,train1,6075.png,L,P,0
No. 4070,train1,6076.png,L,P,0
No. 4071,train1,6077.png,L,P,0
No. 4072,train1,6078.png,L,P,0
No. 4073,train1,6079.png,L,P,0
No. 4074,train1,6081.png,L,P,0
No. 4075,train1,6082.png,L,P,0
No. 4076,train1,6083.png,L,P,0
No. 4077,train1,6084.png,L,P,0
No. 4078,train1,6085.png,L,P,0
No. 4079,train1,6086.png,L,P,0
No. 4080,train1,6088.png,L,P,0
No. 4081,train1,6089.png,L,P,0
No. 4082,train1,6090.png,L,P,0
No. 4083,train1,6092.png,L,P,0
No. 4084,train1,6094.png,L,P,0
No. 4085,train1,6095.png,L,P,0
No. 4086,train1,6096.png,L,P,0
No. 4087,train1,6097.png,L,P,0
No. 4088,train1,6098.png,L,P,0
No. 4089,train1,6099.png,L,P,0
No. 4090,train1,6102.png,L,P,0
No. 4091,train1,6103.png,L,P,0
No. 4092,train1,6104.png,L,P,0
No. 4093,train1,6105.png,L,P,0
No. 4094,train1,6106.png,L,P,0
No. 4095,train1,6107.png,L,P,0
No. 4096,train1,6108.png,L,P,0
No. 4097,train1,6109.png,L,P,0
No. 4098,train1,6110.png,L,P,0
No. 4099,train1,6111.png,L,P,0
No. 4100,train1,6112.png,L,P,0
No. 4101,train1,6113.png,L,P,0
No. 4102,train1,6114.png,L,P,0
No. 4103,train1,6115.png,L,P,0
No. 4104,train1,6116.png,L,P,0
No. 4105,train1,6117.png,L,P,0
No. 4106,train1,6118.png,L,P,1
No. 4107,train1,6119.png,L,P,1
No. 4108,train1,6120.png,L,P,1
No. 4109,train1,6121.png,L,P,1
No. 4110,train1,6122.png,L,P,1
No. 4111,train1,6123.png,L,P,1
No. 4112,train1,6124.png,L,P,1
No. 4113,train1,6125.png,L,P,1
No. 4114,train1,6126.png,L,P,1
No. 4115,train1,6127.png,L,P,1
No. 4116,train1,6128.png,L,P,1
No. 4117,train1,6129.png,L,P,1
No. 4118,train1,6130.png,L,P,1
No. 4119,train1,6131.png,L,P,1
No. 4120,train1,6132.png,L,P,1
No. 4121,train1,6133.png,L,P,1
No. 4122,train1,6134.png,L,P,1
No. 4123,train1,6135.png,L,P,1
No. 4124,train1,6136.png,L,P,1
No. 4125,train1,6137.png,L,P,1
No. 4126,train1,6138.png,L,P,1
No. 4127,train1,6139.png,L,P,1
No. 4128,train1,6140.png,L,P,1
No. 4129,train1,6141.png,L,P,1
No. 4130,train1,6142.png,L,P,1
No. 4131,train1,6143.png,L,P,1
No. 4132,train1,6144.png,L,P,1
No. 4133,train1,6145.png,L,P,1
No. 4134,train1,6146.png,L,P,1
No. 4135,train1,6147.png,L,P,1
No. 4136,train1,6148.png,L,P,1
No. 4137,train1,6149.png,L,P,1
No. 4138,train1,6150.png,L,P,1
No. 4139,train1,6151.png,L,P,1
No. 4140,train1,6152.png,L,P,1
No. 4141,train1,6153.png,L,P,1
No. 4142,train1,6154.png,L,P,1
No. 4143,train1,6155.png,L,P,1
No. 4144,train1,6156.png,L,P,1
No. 4145,train1,6157.png,L,P,1
No. 4146,train1,6158.png,L,P,1
No. 4147,train1,6159.png,L,P,1
No. 4148,train1,6160.png,L,P,1
No. 4149,train1,6161.png,L,P,1
No. 4150,train1,6162.png,L,P,1
No. 4151,train1,6163.png,L,P,1
No. 4152,train1,6164.png,L,P,1
No. 4153,train1,6166.png,L,P,1
No. 4154,train1,6167.png,L,P,1
No. 4155,train1,6168.png,L,P,1
No. 4156,train1,6169.png,L,P,1
No. 4157,train1,6170.png,L,P,1
No. 4158,train1,6171.png,L,P,1
No. 4159,train1,6172.png,R,T,1
No. 4160,train1,6174.png,L,P,1
No. 4161,train1,6175.png,L,P,1
No. 4162,train1,6178.png,L,P,1
No. 4163,train1,6179.png,L,P,1
No. 4164,train1,6180.png,L,P,1
No. 4165,train1,6181.png,L,P,1
No. 4166,train1,6182.png,L,P,1
No. 4167,train1,6183.png,L,P,1
No. 4168,train1,6184.png,L,P,1
No. 4169,train1,6185.png,L,P,1
No. 4170,train1,6188.png,L,P,1
No. 4171,train1,6189.png,L,P,1
No. 4172,train1,6190.png,L,P,1
No. 4173,train1,6191.png,L,P,1
No. 4174,train1,6192.png,L,P,1
No. 4175,train1,6193.png,L,P,1
No. 4176,train1,6194.png,L,P,1
No. 4177,train1,6195.png,L,P,1
No. 4178,train1,6196.png,L,P,1
No. 4179,train1,6197.png,L,P,1
No. 4180,train1,6198.png,L,P,1
No. 4181,train1,6199.png,L,P,1
No. 4182,train1,6200.png,L,P,1
No. 4183,train1,6201.png,L,P,1
No. 4184,train1,6203.png,L,P,1
No. 4185,train1,6204.png,L,P,1
No. 4186,train1,6205.png,L,P,1
No. 4187,train1,6206.png,L,P,1
No. 4188,train1,6207.png,L,P,1
No. 4189,train1,6208.png,L,P,1
No. 4190,train1,6209.png,L,P,1
No. 4191,train1,6210.png,L,P,1
No. 4192,train1,6212.png,L,P,1
No. 4193,train1,6213.png,L,P,1
No. 4194,train1,6214.png,L,P,1
No. 4195,train1,6215.png,L,P,1
No. 4196,train1,6216.png,L,P,1
No. 4197,train1,6217.png,L,P,1
No. 4198,train1,6218.png,L,P,1
No. 4199,train1,6219.png,L,P,1
No. 4200,train1,6220.png,L,P,1
No. 4201,train1,6223.png,L,P,1
No. 4202,train1,6224.png,L,P,1
No. 4203,train1,6225.png,L,P,1
No. 4204,train1,6226.png,L,P,1
No. 4205,train1,6227.png,L,P,1
No. 4206,train1,6228.png,L,P,1
No. 4207,train1,6229.png,L,P,1
No. 4208,train1,6230.png,L,P,1
No. 4209,train1,6232.png,L,P,1
No. 4210,train1,6233.png,L,P,1
No. 4211,train1,6234.png,L,P,1
No. 4212,train1,6235.png,L,P,1
No. 4213,train1,6236.png,L,P,1
No. 4214,train1,6237.png,L,P,1
No. 4215,train1,6238.png,L,P,1
No. 4216,train1,6239.png,L,P,1
No. 4217,train1,6240.png,L,P,1
No. 4218,train1,6241.png,L,P,1
No. 4219,train1,6242.png,L,P,1
No. 4220,train1,6243.png,L,P,1
No. 4221,train1,6244.png,L,P,1
No. 4222,train1,6245.png,L,P,1
No. 4223,train1,6246.png,L,P,1
No. 4224,train1,6247.png,L,P,1
No. 4225,train1,6248.png,L,P,1
No. 4226,train1,6249.png,L,P,1
No. 4227,train1,6250.png,L,P,1
No. 4228,train1,6251.png,L,P,1
No. 4229,train1,6252.png,L,P,1
No. 4230,train1,6253.png,L,P,1
No. 4231,train1,6254.png,L,P,1
No. 4232,train1,6255.png,L,P,1
No. 4233,train1,6256.png,L,P,1
No. 4234,train1,6257.png,L,P,1
No. 4235,train1,6258.png,L,P,1
No. 4236,train1,6259.png,L,P,1
No. 4237,train1,6260.png,L,P,1
No. 4238,train1,6262.png,L,P,1
No. 4239,train1,6263.png,L,P,1
No. 4240,train1,6264.png,L,P,1
No. 4241,train1,6265.png,L,P,1
No. 4242,train1,6266.png,L,P,1
No. 4243,train1,6268.png,L,P,1
No. 4244,train1,6269.png,L,P,1
No. 4245,train1,6270.png,L,P,1
No. 4246,train1,6271.png,L,P,1
No. 4247,train1,6272.png,L,P,1
No. 4248,train1,6273.png,L,P,1
No. 4249,train1,6274.png,L,P,1
No. 4250,train1,6275.png,L,P,1
No. 4251,train1,6276.png,L,P,1
No. 4252,train1,6277.png,L,P,1
No. 4253,train1,6278.png,L,P,1
No. 4254,train1,6279.png,L,P,1
No. 4255,train1,6281.png,L,P,1
No. 4256,train1,6283.png,L,P,1
No. 4257,train1,6284.png,L,P,1
No. 4258,train1,6286.png,L,P,1
No. 4259,train1,6288.png,L,P,1
No. 4260,train1,6289.png,L,P,1
No. 4261,train1,6291.png,L,P,1
No. 4262,train1,6292.png,L,P,1
No. 4263,train1,6293.png,L,P,1
No. 4264,train1,6294.png,L,P,1
No. 4265,train1,6295.png,L,P,1
No. 4266,train1,6296.png,L,P,1
No. 4267,train1,6297.png,L,P,1
No. 4268,train1,6298.png,L,P,1
No. 4269,train1,6299.png,L,P,1
No. 4270,train1,6300.png,L,P,1
No. 4271,train1,6301.png,L,P,1
No. 4272,train1,6303.png,L,P,1
No. 4273,train1,6305.png,L,P,1
No. 4274,train1,6306.png,L,P,1
No. 4275,train1,6307.png,L,P,1
No. 4276,train1,6308.png,L,P,1
No. 4277,train1,6309.png,L,P,1
No. 4278,train1,6310.png,L,P,1
No. 4279,train1,6311.png,L,P,1
No. 4280,train1,6312.png,L,P,1
No. 4281,train1,6313.png,L,P,1
No. 4282,train1,6314.png,L,P,1
No. 4283,train1,6315.png,L,P,1
No. 4284,train1,6316.png,L,P,1
No. 4285,train1,6317.png,L,P,1
No. 4286,train1,6318.png,L,P,1
No. 4287,train1,6319.png,L,P,1
No. 4288,train1,6320.png,L,P,1
No. 4289,train1,6321.png,R,T,1
No. 4290,train1,6322.png,L,P,1
No. 4291,train1,6325.png,L,P,1
No. 4292,train1,6326.png,L,P,1
No. 4293,train1,6327.png,L,P,1
No. 4294,train1,6328.png,L,P,1
No. 4295,train1,6329.png,L,P,1
No. 4296,train1,6330.png,L,P,1
No. 4297,train1,6331.png,L,P,1
No. 4298,train1,6332.png,L,P,1
No. 4299,train1,6334.png,L,P,1
No. 4300,train1,6335.png,L,P,1
No. 4301,train1,6336.png,L,P,1
No. 4302,train1,6337.png,L,P,1
No. 4303,train1,6338.png,L,P,1
No. 4304,train1,6339.png,L,P,1
No. 4305,train1,6340.png,L,P,1
No. 4306,train1,6341.png,L,P,1
No. 4307,train1,6342.png,L,P,1
No. 4308,train1,6343.png,L,P,1
No. 4309,train1,6344.png,L,P,1
No. 4310,train1,6345.png,L,P,1
No. 4311,train1,6346.png,L,P,1
No. 4312,train1,6348.png,L,P,1
No. 4313,train1,6349.png,L,P,1
No. 4314,train1,6350.png,L,P,1
No. 4315,train1,6351.png,L,P,1
No. 4316,train1,6352.png,L,P,1
No. 4317,train1,6353.png,L,P,1
No. 4318,train1,6354.png,L,P,1
No. 4319,train1,6355.png,L,P,1
No. 4320,train1,6356.png,L,P,1
No. 4321,train1,6357.png,L,P,1
No. 4322,train1,6358.png,L,P,1
No. 4323,train1,6359.png,L,P,1
No. 4324,train1,6360.png,L,P,1
No. 4325,train1,6362.png,L,P,1
No. 4326,train1,6363.png,L,P,1
No. 4327,train1,6364.png,L,P,1
No. 4328,train1,6365.png,L,P,1
No. 4329,train1,6366.png,L,P,1
No. 4330,train1,6368.png,L,P,1
No. 4331,train1,6369.png,L,P,1
No. 4332,train1,6370.png,L,P,1
No. 4333,train1,6371.png,L,P,1
No. 4334,train1,6372.png,L,P,1
No. 4335,train1,6374.png,L,P,1
No. 4336,train1,6375.png,L,P,1
No. 4337,train1,6376.png,L,P,1
No. 4338,train1,6377.png,L,P,1
No. 4339,train1,6378.png,L,P,1
No. 4340,train1,6379.png,L,P,1
No. 4341,train1,6380.png,L,P,1
No. 4342,train1,6381.png,L,P,1
No. 4343,train1,6382.png,L,P,1
No. 4344,train1,6383.png,L,P,1
No. 4345,train1,6384.png,L,P,1
No. 4346,train1,6385.png,L,P,1
No. 4347,train1,6386.png,L,P,1
No. 4348,train1,6387.png,L,P,1
No. 4349,train1,6389.png,L,P,1
No. 4350,train1,6390.png,L,P,1
No. 4351,train1,6391.png,L,P,1
No. 4352,train1,6392.png,L,P,1
No. 4353,train1,6394.png,L,P,1
No. 4354,train1,6395.png,L,P,1
No. 4355,train1,6397.png,L,P,1
No. 4356,train1,6398.png,L,P,1
No. 4357,train1,6399.png,L,P,1
No. 4358,train1,6400.png,L,P,1
No. 4359,train1,6401.png,L,P,1
No. 4360,train1,6402.png,L,P,1
No. 4361,train1,6403.png,L,P,1
No. 4362,train1,6405.png,L,P,1
No. 4363,train1,6406.png,L,P,1
No. 4364,train1,6407.png,R,T,1
No. 4365,train1,6408.png,L,P,1
No. 4366,train1,6409.png,L,P,1
No. 4367,train1,6410.png,L,P,1
No. 4368,train1,6411.png,L,P,1
No. 4369,train1,6412.png,L,P,1
No. 4370,train1,6413.png,L,P,1
No. 4371,train1,6414.png,L,P,1
No. 4372,train1,6415.png,L,P,1
No. 4373,train1,6416.png,L,P,1
No. 4374,train1,6417.png,L,P,1
No. 4375,train1,6418.png,L,P,1
No. 4376,train1,6419.png,L,P,1
No. 4377,train1,6420.png,L,P,1
No. 4378,train1,6421.png,L,P,1
No. 4379,train1,6422.png,L,P,1
No. 4380,train1,6423.png,L,P,1
No. 4381,train1,6424.png,L,P,1
No. 4382,train1,6425.png,L,P,1
No. 4383,train1,6426.png,L,P,1
No. 4384,train1,6427.png,L,P,1
No. 4385,train1,6428.png,L,P,1
No. 4386,train1,6429.png,L,P,1
No. 4387,train1,6430.png,L,P,1
No. 4388,train1,6431.png,L,P,1
No. 4389,train1,6432.png,L,P,1
No. 4390,train1,6433.png,L,P,1
No. 4391,train1,6434.png,L,P,1
No. 4392,train1,6435.png,L,P,1
No. 4393,train1,6436.png,L,P,1
No. 4394,train1,6437.png,L,P,1
No. 4395,train1,6438.png,L,P,1
No. 4396,train1,6439.png,L,P,1
No. 4397,train1,6440.png,L,P,1
No. 4398,train1,6441.png,L,P,1
No. 4399,train1,6442.png,L,P,1
No. 4400,train1,6443.png,L,P,1
No. 4401,train1,6444.png,L,P,1
No. 4402,train1,6445.png,L,P,1
No. 4403,train1,6446.png,L,P,1
No. 4404,train1,6447.png,L,P,1
No. 4405,train1,6449.png,L,P,1
No. 4406,train1,6450.png,L,P,1
No. 4407,train1,6451.png,L,P,1
No. 4408,train1,6452.png,L,P,1
No. 4409,train1,6453.png,L,P,1
No. 4410,train1,6454.png,L,P,1
No. 4411,train1,6455.png,L,P,1
No. 4412,train1,6456.png,L,P,1
No. 4413,train1,6457.png,L,P,1
No. 4414,train1,6458.png,L,P,1
No. 4415,train1,6460.png,L,P,1
No. 4416,train1,6461.png,L,P,1
No. 4417,train1,6462.png,L,P,1
No. 4418,train1,6463.png,L,P,1
No. 4419,train1,6464.png,L,P,1
No. 4420,train1,6465.png,L,P,1
No. 4421,train1,6466.png,L,P,1
No. 4422,train1,6468.png,L,P,1
No. 4423,train1,6469.png,L,P,1
No. 4424,train1,6470.png,L,P,1
No. 4425,train1,6471.png,L,P,1
No. 4426,train1,6473.png,L,P,1
No. 4427,train1,6474.png,L,P,1
No. 4428,train1,6475.png,L,P,1
No. 4429,train1,6476.png,L,P,1
No. 4430,train1,6478.png,L,P,1
No. 4431,train1,6479.png,L,P,1
No. 4432,train1,6480.png,L,P,1
No. 4433,train1,6481.png,L,P,1
No. 4434,train1,6482.png,L,P,1
No. 4435,train1,6483.png,L,P,1
No. 4436,train1,6484.png,L,P,1
No. 4437,train1,6485.png,L,P,1
No. 4438,train1,6486.png,L,P,1
No. 4439,train1,6487.png,L,P,1
No. 4440,train1,6488.png,L,P,1
No. 4441,train1,6489.png,L,P,1
No. 4442,train1,6490.png,L,P,1
No. 4443,train1,6491.png,L,P,1
No. 4444,train1,6492.png,L,P,1
No. 4445,train1,6493.png,L,P,1
No. 4446,train1,6494.png,L,P,1
No. 4447,train1,6495.png,L,P,1
No. 4448,train1,6497.png,L,P,1
No. 4449,train1,6498.png,L,P,1
No. 4450,train1,6499.png,L,P,1
No. 4451,train1,6500.png,L,P,1
No. 4452,train1,6501.png,L,P,1
No. 4453,train1,6502.png,L,P,1
No. 4454,train1,6503.png,L,P,1
No. 4455,train1,6504.png,L,P,1
No. 4456,train1,6506.png,L,P,1
No. 4457,train1,6508.png,L,P,1
No. 4458,train1,6509.png,L,P,1
No. 4459,train1,6510.png,L,P,1
No. 4460,train1,6511.png,L,P,1
No. 4461,train1,6512.png,L,P,1
No. 4462,train1,6513.png,L,P,1
No. 4463,train1,6515.png,L,P,1
No. 4464,train1,6516.png,L,P,1
No. 4465,train1,6517.png,L,P,1
No. 4466,train1,6519.png,L,P,1
No. 4467,train1,6520.png,L,P,1
No. 4468,train1,6521.png,L,P,1
No. 4469,train1,6522.png,L,P,1
No. 4470,train1,6523.png,L,P,1
No. 4471,train1,6524.png,L,P,1
No. 4472,train1,6525.png,L,P,1
No. 4473,train1,6526.png,L,P,1
No. 4474,train1,6527.png,L,P,1
No. 4475,train1,6528.png,L,P,1
No. 4476,train1,6529.png,L,P,1
No. 4477,train1,6530.png,L,P,1
No. 4478,train1,6531.png,L,P,1
No. 4479,train1,6532.png,L,P,1
No. 4480,train1,6533.png,L,P,1
No. 4481,train1,6534.png,L,P,1
No. 4482,train1,6535.png,L,P,1
No. 4483,train1,6536.png,L,P,1
No. 4484,train1,6537.png,L,P,1
No. 4485,train1,6538.png,L,P,1
No. 4486,train1,6539.png,L,P,1
No. 4487,train1,6540.png,L,P,1
No. 4488,train1,6541.png,L,P,1
No. 4489,train1,6542.png,L,P,1
No. 4490,train1,6543.png,L,P,1
No. 4491,train1,6544.png,L,P,1
No. 4492,train1,6545.png,L,P,1
No. 4493,train1,6546.png,L,P,1
No. 4494,train1,6547.png,L,P,1
No. 4495,train1,6548.png,L,P,1
No. 4496,train1,6549.png,L,P,1
No. 4497,train1,6550.png,L,P,1
No. 4498,train1,6551.png,L,P,1
No. 4499,train1,6552.png,L,P,1
No. 4500,train1,6553.png,L,P,1
No. 4501,train1,6554.png,L,P,1
No. 4502,train1,6555.png,L,P,1
No. 4503,train1,6556.png,L,P,1
No. 4504,train1,6557.png,L,P,1
No. 4505,train1,6558.png,L,P,1
No. 4506,train1,6559.png,L,P,1
No. 4507,train1,6560.png,L,P,1
No. 4508,train1,6561.png,L,P,1
No. 4509,train1,6562.png,L,P,1
No. 4510,train1,6563.png,L,P,1
No. 4511,train1,6564.png,L,P,1
No. 4512,train1,6565.png,L,P,1
No. 4513,train1,6566.png,L,P,1
No. 4514,train1,6567.png,L,P,1
No. 4515,train1,6568.png,L,P,1
No. 4516,train1,6569.png,L,P,1
No. 4517,train1,6570.png,L,P,1
No. 4518,train1,6571.png,L,P,1
No. 4519,train1,6572.png,L,P,1
No. 4520,train1,6573.png,L,P,1
No. 4521,train1,6574.png,L,P,1
No. 4522,train1,6575.png,L,P,1
No. 4523,train1,6576.png,L,P,1
No. 4524,train1,6577.png,L,P,1
No. 4525,train1,6578.png,L,P,1
No. 4526,train1,6579.png,L,P,1
No. 4527,train1,6580.png,L,P,1
No. 4528,train1,6581.png,L,P,1
No. 4529,train1,6582.png,L,P,1
No. 4530,train1,6583.png,L,P,1
No. 4531,train1,6585.png,L,P,1
No. 4532,train1,6586.png,L,P,1
No. 4533,train1,6587.png,L,P,1
No. 4534,train1,6588.png,L,P,1
No. 4535,train1,6589.png,L,P,1
No. 4536,train1,6590.png,L,P,1
No. 4537,train1,6591.png,L,P,1
No. 4538,train1,6592.png,L,P,1
No. 4539,train1,6593.png,L,P,1
No. 4540,train1,6594.png,L,P,1
No. 4541,train1,6595.png,L,P,1
No. 4542,train1,6596.png,L,P,1
No. 4543,train1,6597.png,L,P,1
No. 4544,train1,6598.png,L,P,1
No. 4545,train1,6599.png,L,P,1
No. 4546,train1,6600.png,L,P,1
No. 4547,train1,6601.png,L,P,1
No. 4548,train1,6602.png,L,P,1
No. 4549,train1,6604.png,L,P,1
No. 4550,train1,6605.png,L,P,1
No. 4551,train1,6606.png,L,P,1
No. 4552,train1,6607.png,L,P,1
No. 4553,train1,6608.png,L,P,1
No. 4554,train1,6609.png,L,P,1
No. 4555,train1,6610.png,L,P,1
No. 4556,train1,6611.png,L,P,1
No. 4557,train1,6612.png,L,P,1
No. 4558,train1,6613.png,L,P,1
No. 4559,train1,6614.png,L,P,1
No. 4560,train1,6616.png,L,P,1
No. 4561,train1,6617.png,L,P,1
No. 4562,train1,6618.png,L,P,1
No. 4563,train1,6619.png,L,P,1
No. 4564,train1,6620.png,L,P,1
No. 4565,train1,6621.png,L,P,1
No. 4566,train1,6622.png,L,P,1
No. 4567,train1,6624.png,L,P,1
No. 4568,train1,6625.png,L,P,1
No. 4569,train1,6626.png,L,T,1
No. 4570,train1,6627.png,L,P,1
No. 4571,train1,6628.png,L,P,1
No. 4572,train1,6629.png,L,P,1
No. 4573,train1,6630.png,L,P,1
No. 4574,train1,6631.png,L,P,1
No. 4575,train1,6632.png,L,P,1
No. 4576,train1,6634.png,L,P,1
No. 4577,train1,6635.png,L,P,1
No. 4578,train1,6636.png,L,P,1
No. 4579,train1,6637.png,L,P,1
No. 4580,train1,6638.png,L,P,1
No. 4581,train1,6640.png,L,P,1
No. 4582,train1,6641.png,L,P,1
No. 4583,train1,6643.png,L,P,1
No. 4584,train1,6644.png,L,P,1
No. 4585,train1,6645.png,L,P,1
No. 4586,train1,6646.png,L,P,1
No. 4587,train1,6647.png,L,P,1
No. 4588,train1,6648.png,L,P,1
No. 4589,train1,6650.png,L,P,1
No. 4590,train1,6651.png,L,P,1
No. 4591,train1,6652.png,L,P,1
No. 4592,train1,6654.png,L,P,1
No. 4593,train1,6655.png,L,P,1
No. 4594,train1,6656.png,L,P,1
No. 4595,train1,6658.png,L,P,1
No. 4596,train1,6659.png,L,P,1
No. 4597,train1,6660.png,L,P,1
No. 4598,train1,6661.png,L,P,1
No. 4599,train1,6662.png,L,P,1
No. 4600,train1,6663.png,L,P,1
No. 4601,train1,6664.png,L,P,1
No. 4602,train1,6665.png,L,P,1
No. 4603,train1,6666.png,L,P,1
No. 4604,train1,6668.png,L,P,1
No. 4605,train1,6669.png,L,P,1
No. 4606,train1,6671.png,L,P,1
No. 4607,train1,6672.png,L,P,1
No. 4608,train1,6673.png,L,P,1
No. 4609,train1,6674.png,L,P,1
No. 4610,train1,6675.png,L,P,1
No. 4611,train1,6676.png,L,P,1
No. 4612,train1,6677.png,L,P,1
No. 4613,train1,6679.png,L,P,1
No. 4614,train1,6681.png,L,P,1
No. 4615,train1,6682.png,L,P,1
No. 4616,train1,6684.png,L,P,1
No. 4617,train1,6685.png,L,P,1
No. 4618,train1,6687.png,L,P,1
No. 4619,train1,6688.png,L,P,1
No. 4620,train1,6689.png,L,P,1
No. 4621,train1,6690.png,L,P,1
No. 4622,train1,6691.png,L,P,1
No. 4623,train1,6692.png,L,P,1
No. 4624,train1,6693.png,L,P,1
No. 4625,train1,6694.png,L,P,1
No. 4626,train1,6697.png,L,P,1
No. 4627,train1,6698.png,L,P,1
No. 4628,train1,6699.png,L,P,1
No. 4629,train1,6700.png,L,P,1
No. 4630,train1,6701.png,L,P,1
No. 4631,train1,6702.png,L,P,1
No. 4632,train1,6705.png,L,P,1
No. 4633,train1,6706.png,L,P,1
No. 4634,train1,6707.png,L,P,1
No. 4635,train1,6708.png,L,P,1
No. 4636,train1,6709.png,L,P,1
No. 4637,train1,6710.png,L,P,1
No. 4638,train1,6712.png,L,P,1
No. 4639,train1,6713.png,L,P,1
No. 4640,train1,6714.png,L,P,1
No. 4641,train1,6715.png,L,P,1
No. 4642,train1,6717.png,L,P,1
No. 4643,train1,6718.png,L,P,1
No. 4644,train1,6719.png,L,P,1
No. 4645,train1,6720.png,L,P,1
No. 4646,train1,6722.png,L,P,1
No. 4647,train1,6723.png,L,P,1
No. 4648,train1,6724.png,L,P,1
No. 4649,train1,6725.png,L,P,1
No. 4650,train1,6726.png,L,P,1
No. 4651,train1,6727.png,L,P,1
No. 4652,train1,6728.png,L,P,1
No. 4653,train1,6729.png,L,P,1
No. 4654,train1,6731.png,L,P,1
No. 4655,train1,6732.png,L,P,1
No. 4656,train1,6733.png,L,P,1
No. 4657,train1,6734.png,L,P,1
No. 4658,train1,6735.png,L,P,1
No. 4659,train1,6736.png,L,P,1
No. 4660,train1,6737.png,L,P,1
No. 4661,train1,6738.png,L,P,1
No. 4662,train1,6739.png,L,P,1
No. 4663,train1,6740.png,L,P,1
No. 4664,train1,6741.png,L,P,1
No. 4665,train1,6742.png,L,P,1
No. 4666,train1,6743.png,L,P,1
No. 4667,train1,6744.png,L,P,1
No. 4668,train1,6746.png,L,P,1
No. 4669,train1,6747.png,L,P,1
No. 4670,train1,6748.png,L,P,1
No. 4671,train1,6749.png,L,P,1
No. 4672,train1,6750.png,L,P,1
No. 4673,train1,6751.png,L,P,1
No. 4674,train1,6753.png,L,P,1
No. 4675,train1,6754.png,L,P,1
No. 4676,train1,6756.png,L,P,1
No. 4677,train1,6757.png,L,P,1
No. 4678,train1,6758.png,L,P,1
No. 4679,train1,6759.png,L,P,1
No. 4680,train1,6760.png,L,P,1
No. 4681,train1,6761.png,L,P,1
No. 4682,train1,6762.png,L,T,1
No. 4683,train1,6763.png,L,P,1
No. 4684,train1,6764.png,L,P,1
No. 4685,train1,6765.png,L,P,1
No. 4686,train1,6767.png,L,P,1
No. 4687,train1,6768.png,L,P,1
No. 4688,train1,6769.png,L,P,1
No. 4689,train1,6770.png,L,P,1
No. 4690,train1,6771.png,L,P,1
No. 4691,train1,6772.png,L,P,1
No. 4692,train1,6773.png,L,P,1
No. 4693,train1,6774.png,L,P,1
No. 4694,train1,6775.png,L,P,1
No. 4695,train1,6776.png,L,P,1
No. 4696,train1,6777.png,L,P,1
No. 4697,train1,6778.png,L,P,1
No. 4698,train1,6779.png,L,P,1
No. 4699,train1,6780.png,L,P,1
No. 4700,train1,6781.png,L,P,1
No. 4701,train1,6782.png,L,P,1
No. 4702,train1,6783.png,L,P,1
No. 4703,train1,6784.png,R,T,1
No. 4704,train1,6785.png,L,P,1
No. 4705,train1,6786.png,L,P,1
No. 4706,train1,6787.png,L,P,1
No. 4707,train1,6788.png,L,P,1
No. 4708,train1,6789.png,L,P,1
No. 4709,train1,6790.png,L,P,1
No. 4710,train1,6791.png,L,P,1
No. 4711,train1,6792.png,L,P,1
No. 4712,train1,6793.png,L,P,1
No. 4713,train1,6794.png,L,P,1
No. 4714,train1,6795.png,L,P,1
No. 4715,train1,6796.png,L,P,1
No. 4716,train1,6798.png,L,P,1
No. 4717,train1,6799.png,L,P,1
No. 4718,train1,6800.png,L,P,1
No. 4719,train1,6801.png,L,P,1
No. 4720,train1,6802.png,L,P,1
No. 4721,train1,6803.png,L,P,1
No. 4722,train1,6804.png,L,P,1
No. 4723,train1,6805.png,L,P,1
No. 4724,train1,6806.png,L,P,1
No. 4725,train1,6807.png,L,P,1
No. 4726,train1,6808.png,L,P,1
No. 4727,train1,6809.png,L,P,1
No. 4728,train1,6810.png,L,P,1
No. 4729,train1,6811.png,L,P,1
No. 4730,train1,6812.png,L,P,1
No. 4731,train1,6813.png,L,P,1
No. 4732,train1,6814.png,L,P,1
No. 4733,train1,6816.png,L,P,1
No. 4734,train1,6817.png,L,P,1
No. 4735,train1,6819.png,L,P,1
No. 4736,train1,6820.png,L,P,1
No. 4737,train1,6821.png,L,P,1
No. 4738,train1,6824.png,L,P,1
No. 4739,train1,6825.png,L,P,1
No. 4740,train1,6826.png,L,P,1
No. 4741,train1,6827.png,L,P,1
No. 4742,train1,6828.png,L,P,1
No. 4743,train1,6829.png,L,P,1
No. 4744,train1,6830.png,L,P,1
No. 4745,train1,6831.png,L,P,1
No. 4746,train1,6832.png,L,P,1
No. 4747,train1,6833.png,L,P,1
No. 4748,train1,6834.png,L,P,1
No. 4749,train1,6835.png,L,P,1
No. 4750,train1,6836.png,L,P,1
No. 4751,train1,6837.png,L,P,1
No. 4752,train1,6838.png,L,P,1
No. 4753,train1,6839.png,L,P,1
No. 4754,train1,6840.png,L,P,1
No. 4755,train1,6841.png,L,P,1
No. 4756,train1,6842.png,L,P,1
No. 4757,train1,6843.png,L,P,1
No. 4758,train1,6844.png,L,P,1
No. 4759,train1,6845.png,L,P,1
No. 4760,train1,6846.png,L,P,1
No. 4761,train1,6847.png,L,P,1
No. 4762,train1,6848.png,L,P,1
No. 4763,train1,6850.png,L,P,1
No. 4764,train1,6851.png,L,P,1
No. 4765,train1,6852.png,L,P,1
No. 4766,train1,6853.png,L,P,1
No. 4767,train1,6854.png,L,P,1
No. 4768,train1,6855.png,L,P,1
No. 4769,train1,6856.png,L,P,1
No. 4770,train1,6857.png,L,P,1
No. 4771,train1,6858.png,L,P,1
No. 4772,train1,6859.png,L,P,1
No. 4773,train1,6860.png,L,P,1
No. 4774,train1,6861.png,L,P,1
No. 4775,train1,6862.png,L,P,1
No. 4776,train1,6863.png,L,P,1
No. 4777,train1,6867.png,L,P,1
No. 4778,train1,6868.png,L,P,1
No. 4779,train1,6869.png,L,P,1
No. 4780,train1,6871.png,L,P,1
No. 4781,train1,6872.png,L,P,1
No. 4782,train1,6873.png,L,P,1
No. 4783,train1,6874.png,L,P,1
No. 4784,train1,6875.png,L,P,1
No. 4785,train1,6876.png,L,P,1
No. 4786,train1,6877.png,L,P,1
No. 4787,train1,6878.png,L,P,1
No. 4788,train1,6879.png,L,P,1
No. 4789,train1,6880.png,L,P,1
No. 4790,train1,6881.png,L,P,1
No. 4791,train1,6882.png,L,P,1
No. 4792,train1,6883.png,L,P,1
No. 4793,train1,6884.png,L,P,1
No. 4794,train1,6885.png,L,P,1
No. 4795,train1,6886.png,L,P,1
No. 4796,train1,6887.png,L,P,1
No. 4797,train1,6888.png,L,P,1
No. 4798,train1,6890.png,L,P,1
No. 4799,train1,6893.png,L,P,1
No. 4800,train1,6894.png,L,P,1
No. 4801,train1,6895.png,L,P,1
No. 4802,train1,6896.png,L,P,1
No. 4803,train1,6897.png,L,P,1
No. 4804,train1,6898.png,L,P,1
No. 4805,train1,6899.png,L,P,1
No. 4806,train1,6900.png,L,P,1
No. 4807,train1,6901.png,L,P,1
No. 4808,train1,6902.png,L,P,1
No. 4809,train1,6903.png,L,P,1
No. 4810,train1,6904.png,L,P,1
No. 4811,train1,6905.png,L,P,1
No. 4812,train1,6906.png,L,P,1
No. 4813,train1,6907.png,L,P,1
No. 4814,train1,6908.png,L,P,1
No. 4815,train1,6909.png,L,P,1
No. 4816,train1,6910.png,L,P,1
No. 4817,train1,6911.png,L,P,1
No. 4818,train1,6912.png,L,P,1
No. 4819,train1,6913.png,L,P,1
No. 4820,train1,6914.png,L,P,1
No. 4821,train1,6915.png,L,P,1
No. 4822,train1,6916.png,L,P,1
No. 4823,train1,6917.png,L,P,1
No. 4824,train1,6918.png,L,P,1
No. 4825,train1,6920.png,L,P,1
No. 4826,train1,6921.png,L,P,1
No. 4827,train1,6922.png,L,P,1
No. 4828,train1,6923.png,L,P,1
No. 4829,train1,6924.png,L,P,1
No. 4830,train1,6925.png,L,P,1
No. 4831,train1,6926.png,L,P,1
No. 4832,train1,6927.png,L,P,1
No. 4833,train1,6929.png,L,P,1
No. 4834,train1,6931.png,L,P,1
No. 4835,train1,6932.png,L,P,1
No. 4836,train1,6933.png,L,P,1
No. 4837,train1,6934.png,L,P,1
No. 4838,train1,6935.png,L,P,1
No. 4839,train1,6936.png,L,T,1
No. 4840,train1,6937.png,L,P,1
No. 4841,train1,6939.png,L,P,1
No. 4842,train1,6940.png,L,P,1
No. 4843,train1,6941.png,L,P,1
No. 4844,train1,6942.png,L,P,1
No. 4845,train1,6943.png,L,P,1
No. 4846,train1,6946.png,L,P,1
No. 4847,train1,6947.png,L,P,1
No. 4848,train1,6948.png,L,P,1
No. 4849,train1,6949.png,L,P,1
No. 4850,train1,6950.png,L,P,1
No. 4851,train1,6951.png,L,P,1
No. 4852,train1,6952.png,L,P,1
No. 4853,train1,6953.png,L,P,1
No. 4854,train1,6954.png,L,P,1
No. 4855,train1,6955.png,L,P,1
No. 4856,train1,6956.png,L,P,1
No. 4857,train1,6958.png,L,P,1
No. 4858,train1,6959.png,L,P,1
No. 4859,train1,6960.png,L,P,1
No. 4860,train1,6961.png,L,P,1
No. 4861,train1,6962.png,L,P,1
No. 4862,train1,6963.png,L,P,1
No. 4863,train1,6964.png,L,P,1
No. 4864,train1,6965.png,L,P,1
No. 4865,train1,6966.png,L,P,1
No. 4866,train1,6967.png,L,P,1
No. 4867,train1,6968.png,L,P,1
No. 4868,train1,6972.png,L,P,1
No. 4869,train1,6973.png,L,P,1
No. 4870,train1,6974.png,L,P,1
No. 4871,train1,6975.png,L,P,1
No. 4872,train1,6976.png,L,P,1
No. 4873,train1,6977.png,L,P,1
No. 4874,train1,6978.png,L,P,1
No. 4875,train1,6979.png,L,P,1
No. 4876,train1,6980.png,L,P,1
No. 4877,train1,6981.png,L,P,1
No. 4878,train1,6982.png,L,P,1
No. 4879,train1,6983.png,L,P,1
No. 4880,train1,6984.png,L,P,1
No. 4881,train1,6985.png,L,P,1
No. 4882,train1,6986.png,L,P,1
No. 4883,train1,6987.png,L,P,1
No. 4884,train1,6988.png,L,P,1
No. 4885,train1,6989.png,L,P,1
No. 4886,train1,6990.png,L,P,1
No. 4887,train1,6991.png,L,P,1
No. 4888,train1,6992.png,L,P,1
No. 4889,train1,6993.png,L,P,1
No. 4890,train1,6994.png,L,P,1
No. 4891,train1,6995.png,L,P,1
No. 4892,train1,6996.png,L,P,1
No. 4893,train1,6997.png,L,P,1
No. 4894,train1,6998.png,L,P,1
No. 4895,train1,6999.png,L,P,1
No. 4896,train1,7000.png,L,P,1
No. 4897,train1,7001.png,L,P,1
No. 4898,train1,7002.png,L,P,1
No. 4899,train1,7003.png,L,P,1
No. 4900,train1,7005.png,L,P,1
No. 4901,train1,7006.png,L,P,1
No. 4902,train1,7007.png,L,P,1
No. 4903,train1,7008.png,L,P,1
No. 4904,train1,7009.png,L,P,1
No. 4905,train1,7010.png,L,P,1
No. 4906,train1,7011.png,L,P,1
No. 4907,train1,7012.png,L,P,1
No. 4908,train1,7013.png,L,P,1
No. 4909,train1,7014.png,L,P,1
No. 4910,train1,7015.png,L,P,1
No. 4911,train1,7016.png,L,P,1
No. 4912,train1,7017.png,L,P,1
No. 4913,train1,7018.png,L,P,1
No. 4914,train1,7019.png,L,P,1
No. 4915,train1,7020.png,L,P,1
No. 4916,train1,7021.png,L,P,1
No. 4917,train1,7022.png,L,P,1
No. 4918,train1,7023.png,L,P,1
No. 4919,train1,7024.png,L,P,1
No. 4920,train1,7025.png,L,P,1
No. 4921,train1,7026.png,L,P,1
No. 4922,train1,7027.png,L,P,1
No. 4923,train1,7028.png,L,P,1
No. 4924,train1,7029.png,L,P,1
No. 4925,train1,7030.png,L,P,1
No. 4926,train1,7031.png,L,P,1
No. 4927,train1,7032.png,L,P,1
No. 4928,train1,7033.png,L,P,1
No. 4929,train1,7034.png,L,P,1
No. 4930,train1,7035.png,L,P,1
No. 4931,train1,7036.png,L,P,1
No. 4932,train1,7037.png,L,P,1
No. 4933,train1,7038.png,L,P,1
No. 4934,train1,7040.png,L,P,1
No. 4935,train1,7041.png,L,P,1
No. 4936,train1,7042.png,L,P,1
No. 4937,train1,7043.png,L,P,1
No. 4938,train1,7044.png,L,P,1
No. 4939,train1,7045.png,L,P,1
No. 4940,train1,7047.png,L,P,1
No. 4941,train1,7048.png,L,P,1
No. 4942,train1,7049.png,L,P,1
No. 4943,train1,7050.png,L,P,1
No. 4944,train1,7052.png,L,P,1
No. 4945,train1,7053.png,L,P,1
No. 4946,train1,7054.png,L,P,1
No. 4947,train1,7055.png,L,P,1
No. 4948,train1,7056.png,L,P,1
No. 4949,train1,7057.png,L,P,1
No. 4950,train1,7058.png,L,P,1
No. 4951,train1,7060.png,L,P,1
No. 4952,train1,7061.png,L,P,1
No. 4953,train1,7062.png,L,P,1
No. 4954,train1,7063.png,L,P,1
No. 4955,train1,7064.png,L,P,1
No. 4956,train1,7065.png,L,P,1
No. 4957,train1,7067.png,L,P,1
No. 4958,train1,7068.png,L,P,1
No. 4959,train1,7069.png,L,P,1
No. 4960,train1,7070.png,L,P,1
No. 4961,train1,7071.png,L,P,1
No. 4962,train1,7072.png,L,P,1
No. 4963,train1,7073.png,L,P,1
No. 4964,train1,7074.png,L,P,1
No. 4965,train1,7076.png,L,P,1
No. 4966,train1,7077.png,L,P,1
No. 4967,train1,7078.png,L,P,1
No. 4968,train1,7080.png,L,P,1
No. 4969,train1,7081.png,L,P,1
No. 4970,train1,7082.png,L,P,1
No. 4971,train1,7083.png,L,P,1
No. 4972,train1,7084.png,L,P,1
No. 4973,train1,7086.png,L,P,1
No. 4974,train1,7087.png,L,P,1
No. 4975,train1,7088.png,L,P,1
No. 4976,train1,7089.png,L,P,1
No. 4977,train1,7090.png,L,P,1
No. 4978,train1,7091.png,L,P,1
No. 4979,train1,7092.png,L,P,1
No. 4980,train1,7093.png,L,P,1
No. 4981,train1,7094.png,L,P,1
No. 4982,train1,7095.png,L,P,1
No. 4983,train1,7096.png,L,P,1
No. 4984,train1,7097.png,L,P,1
No. 4985,train1,7098.png,L,P,1
No. 4986,train1,7099.png,L,P,1
No. 4987,train1,7100.png,L,P,1
No. 4988,train1,7101.png,L,P,1
No. 4989,train1,7102.png,L,P,1
No. 4990,train1,7103.png,L,P,1
No. 4991,train1,7105.png,L,P,1
No. 4992,train1,7106.png,L,P,1
No. 4993,train1,7107.png,L,P,1
No. 4994,train1,7108.png,L,P,1
No. 4995,train1,7109.png,L,P,1
No. 4996,train1,7110.png,L,P,1
No. 4997,train1,7112.png,L,P,1
No. 4998,train1,7113.png,L,P,1
No. 4999,train1,7114.png,L,P,1
No. 5000,train1,7115.png,L,P,1
